Date,LastClose
2021-11-08 19:00:00+00:00,0.00087070465
2021-11-08 19:30:00+00:00,0.00081825256
2021-11-08 20:00:00+00:00,-0.0018720627
2021-11-08 20:30:00+00:00,0.002245903
2021-11-08 21:00:00+00:00,0.00064086914
2021-11-08 21:30:00+00:00,0.004327774
2021-11-08 22:00:00+00:00,-0.0032453537
2021-11-08 22:30:00+00:00,0.0010442734
2021-11-08 23:00:00+00:00,0.005001068
2021-11-08 23:30:00+00:00,0.017537117
2021-11-09 00:00:00+00:00,-0.0017957687
2021-11-09 00:30:00+00:00,0.00068950653
2021-11-09 01:00:00+00:00,0.0003004074
2021-11-09 01:30:00+00:00,-0.0035877228
2021-11-09 02:00:00+00:00,0.0018978119
2021-11-09 02:30:00+00:00,0.0037755966
2021-11-09 03:00:00+00:00,-0.0021810532
2021-11-09 03:30:00+00:00,0.00044059753
2021-11-09 04:00:00+00:00,0.012721062
2021-11-09 04:30:00+00:00,-0.0027742386
2021-11-09 05:00:00+00:00,-0.0011711121
2021-11-09 05:30:00+00:00,-0.0050678253
2021-11-09 06:00:00+00:00,0.002957344
2021-11-09 06:30:00+00:00,-0.0018978119
2021-11-09 07:00:00+00:00,0.00081825256
2021-11-09 07:30:00+00:00,-0.0017242432
2021-11-09 08:00:00+00:00,-0.0009384155
2021-11-09 08:30:00+00:00,0.0009660721
2021-11-09 09:00:00+00:00,0.002401352
2021-11-09 09:30:00+00:00,-0.002081871
2021-11-09 10:00:00+00:00,0.0044288635
2021-11-09 10:30:00+00:00,-0.004131317
2021-11-09 11:00:00+00:00,-0.0015659332
2021-11-09 11:30:00+00:00,-0.0015506744
2021-11-09 12:00:00+00:00,-0.0016546249
2021-11-09 12:30:00+00:00,-0.0013923645
2021-11-09 13:00:00+00:00,0.0006790161
2021-11-09 13:30:00+00:00,0.002366066
2021-11-09 14:00:00+00:00,0.0052347183
2021-11-09 14:30:00+00:00,-0.0039539337
2021-11-09 15:00:00+00:00,-0.006658554
2021-11-09 15:30:00+00:00,-0.004559517
2021-11-09 16:00:00+00:00,-0.0036716461
2021-11-09 16:30:00+00:00,0.0
2021-11-09 17:00:00+00:00,-0.0014781952
2021-11-09 17:30:00+00:00,-0.002380371
2021-11-09 18:00:00+00:00,0.0042562485
2021-11-09 18:30:00+00:00,-0.0002861023
2021-11-09 19:00:00+00:00,-0.004219055
2021-11-09 19:30:00+00:00,0.0011281967
2021-11-09 20:00:00+00:00,0.002793312
2021-11-09 20:30:00+00:00,0.00333786
2021-11-09 21:00:00+00:00,0.0045194626
2021-11-09 21:30:00+00:00,0.0005760193
2021-11-09 22:00:00+00:00,0.0049991608
2021-11-09 22:30:00+00:00,-0.010035515
2021-11-09 23:00:00+00:00,0.003923416
2021-11-09 23:30:00+00:00,0.00028324127
2021-11-10 00:00:00+00:00,-0.0054016113
2021-11-10 00:30:00+00:00,0.004919052
2021-11-10 01:00:00+00:00,-0.0041074753
2021-11-10 01:30:00+00:00,0.0027532578
2021-11-10 02:00:00+00:00,-0.0024671555
2021-11-10 02:30:00+00:00,0.00095939636
2021-11-10 03:00:00+00:00,-0.003525734
2021-11-10 03:30:00+00:00,-0.0066862106
2021-11-10 04:00:00+00:00,0.0016841888
2021-11-10 04:30:00+00:00,-0.0004386902
2021-11-10 05:00:00+00:00,0.0024518967
2021-11-10 05:30:00+00:00,-0.00019359589
2021-11-10 06:00:00+00:00,-0.004336357
2021-11-10 06:30:00+00:00,0.000705719
2021-11-10 07:00:00+00:00,0.0020475388
2021-11-10 07:30:00+00:00,0.0032157898
2021-11-10 08:00:00+00:00,-0.0045547485
2021-11-10 08:30:00+00:00,0.004794121
2021-11-10 09:00:00+00:00,-0.00196743
2021-11-10 09:30:00+00:00,0.0010509491
2021-11-10 10:00:00+00:00,-0.00012397766
2021-11-10 10:30:00+00:00,0.0028982162
2021-11-10 11:00:00+00:00,-0.0011606216
2021-11-10 11:30:00+00:00,-0.0013122559
2021-11-10 12:00:00+00:00,-0.002603531
2021-11-10 12:30:00+00:00,0.0007314682
2021-11-10 13:00:00+00:00,-0.002960205
2021-11-10 13:30:00+00:00,-0.0001783371
2021-11-10 14:00:00+00:00,0.023604393
2021-11-10 14:30:00+00:00,0.005680084
2021-11-10 15:00:00+00:00,0.00074768066
2021-11-10 15:30:00+00:00,-0.0017032623
2021-11-10 16:00:00+00:00,0.00059223175
2021-11-10 16:30:00+00:00,0.0023488998
2021-11-10 17:00:00+00:00,0.00032043457
2021-11-10 17:30:00+00:00,0.0005426407
2021-11-10 18:00:00+00:00,0.0013961792
2021-11-10 18:30:00+00:00,-0.0060949326
2021-11-10 19:00:00+00:00,-0.006210327
2021-11-10 19:30:00+00:00,-0.0012521744
2021-11-10 20:00:00+00:00,-0.0156030655
2021-11-10 20:30:00+00:00,0.0021686554
2021-11-10 21:00:00+00:00,-0.014969826
2021-11-10 21:30:00+00:00,-0.015651703
2021-11-10 22:00:00+00:00,-0.008580208
2021-11-10 22:30:00+00:00,0.0027236938
2021-11-10 23:00:00+00:00,0.010605812
2021-11-10 23:30:00+00:00,-0.009234428
2021-11-11 00:00:00+00:00,0.0052900314
2021-11-11 00:30:00+00:00,-0.0030994415
2021-11-11 01:00:00+00:00,0.004445076
2021-11-11 01:30:00+00:00,-0.0072259903
2021-11-11 02:00:00+00:00,0.0040283203
2021-11-11 02:30:00+00:00,-0.007443428
2021-11-11 03:00:00+00:00,0.0038414001
2021-11-11 03:30:00+00:00,0.0018796921
2021-11-11 04:00:00+00:00,0.0014543533
2021-11-11 04:30:00+00:00,-0.0041685104
2021-11-11 05:00:00+00:00,0.0020418167
2021-11-11 05:30:00+00:00,0.0036621094
2021-11-11 06:00:00+00:00,-0.0026187897
2021-11-11 06:30:00+00:00,-0.00038337708
2021-11-11 07:00:00+00:00,0.002503395
2021-11-11 07:30:00+00:00,0.003353119
2021-11-11 08:00:00+00:00,0.0029277802
2021-11-11 08:30:00+00:00,-0.007882118
2021-11-11 09:00:00+00:00,0.01004982
2021-11-11 09:30:00+00:00,0.0035762787
2021-11-11 10:00:00+00:00,-0.0033102036
2021-11-11 10:30:00+00:00,-0.0028800964
2021-11-11 11:00:00+00:00,0.0007095337
2021-11-11 11:30:00+00:00,2.7656555e-05
2021-11-11 12:00:00+00:00,0.0004386902
2021-11-11 12:30:00+00:00,-0.00600338
2021-11-11 13:00:00+00:00,0.0019006729
2021-11-11 13:30:00+00:00,-0.0006380081
2021-11-11 14:00:00+00:00,-0.0026874542
2021-11-11 14:30:00+00:00,-0.0017776489
2021-11-11 15:00:00+00:00,0.0075006485
2021-11-11 15:30:00+00:00,-0.004014969
2021-11-11 16:00:00+00:00,-0.0013151169
2021-11-11 16:30:00+00:00,0.0011739731
2021-11-11 17:00:00+00:00,0.0024309158
2021-11-11 17:30:00+00:00,0.00033473969
2021-11-11 18:00:00+00:00,-0.0019578934
2021-11-11 18:30:00+00:00,-0.003909111
2021-11-11 19:00:00+00:00,0.0011405945
2021-11-11 19:30:00+00:00,0.0033092499
2021-11-11 20:00:00+00:00,0.0023174286
2021-11-11 20:30:00+00:00,-0.00096416473
2021-11-11 21:00:00+00:00,-0.003665924
2021-11-11 21:30:00+00:00,0.0022058487
2021-11-11 22:00:00+00:00,0.0011196136
2021-11-11 22:30:00+00:00,0.002963066
2021-11-11 23:00:00+00:00,-0.0009851456
2021-11-11 23:30:00+00:00,-0.0011558533
2021-11-12 00:00:00+00:00,-0.004617691
2021-11-12 00:30:00+00:00,0.0018291473
2021-11-12 01:00:00+00:00,-0.0011453629
2021-11-12 01:30:00+00:00,-0.0042095184
2021-11-12 02:00:00+00:00,0.008300781
2021-11-12 02:30:00+00:00,0.0026454926
2021-11-12 03:00:00+00:00,-0.003695488
2021-11-12 03:30:00+00:00,-0.0011034012
2021-11-12 04:00:00+00:00,-0.001709938
2021-11-12 04:30:00+00:00,3.6239624e-05
2021-11-12 05:00:00+00:00,0.0019922256
2021-11-12 05:30:00+00:00,-0.0024547577
2021-11-12 06:00:00+00:00,-0.0017709732
2021-11-12 06:30:00+00:00,0.00055122375
2021-11-12 07:00:00+00:00,-0.0034284592
2021-11-12 07:30:00+00:00,-0.0010175705
2021-11-12 08:00:00+00:00,0.00058555603
2021-11-12 08:30:00+00:00,0.0017251968
2021-11-12 09:00:00+00:00,0.0042238235
2021-11-12 09:30:00+00:00,-0.008708954
2021-11-12 10:00:00+00:00,-0.0076208115
2021-11-12 10:30:00+00:00,0.0019378662
2021-11-12 11:00:00+00:00,-0.0044412613
2021-11-12 11:30:00+00:00,0.004673958
2021-11-12 12:00:00+00:00,-0.0030698776
2021-11-12 12:30:00+00:00,0.0038280487
2021-11-12 13:00:00+00:00,-0.0028867722
2021-11-12 13:30:00+00:00,-0.0035438538
2021-11-12 14:00:00+00:00,0.005842209
2021-11-12 14:30:00+00:00,-0.004757881
2021-11-12 15:00:00+00:00,-0.0026416779
2021-11-12 15:30:00+00:00,-0.005908966
2021-11-12 16:00:00+00:00,0.0006952286
2021-11-12 16:30:00+00:00,-0.007253647
2021-11-12 17:00:00+00:00,0.005716324
2021-11-12 17:30:00+00:00,0.004401207
2021-11-12 18:00:00+00:00,0.0034294128
2021-11-12 18:30:00+00:00,0.0054044724
2021-11-12 19:00:00+00:00,-0.0007572174
2021-11-12 19:30:00+00:00,-0.003045082
2021-11-12 20:00:00+00:00,0.002770424
2021-11-12 20:30:00+00:00,0.004014969
2021-11-12 21:00:00+00:00,0.00019645691
2021-11-12 21:30:00+00:00,0.000910759
2021-11-12 22:00:00+00:00,-0.0016822815
2021-11-12 22:30:00+00:00,-0.00051403046
2021-11-12 23:00:00+00:00,-0.001832962
2021-11-12 23:30:00+00:00,0.0011386871
2021-11-13 00:00:00+00:00,0.0018806458
2021-11-13 00:30:00+00:00,0.0027360916
2021-11-13 01:00:00+00:00,0.0007648468
2021-11-13 01:30:00+00:00,-0.003750801
2021-11-13 02:00:00+00:00,-0.0036916733
2021-11-13 02:30:00+00:00,0.0003194809
2021-11-13 03:00:00+00:00,-0.00262928
2021-11-13 03:30:00+00:00,0.00121212
2021-11-13 04:00:00+00:00,-9.059906e-05
2021-11-13 04:30:00+00:00,0.00034809113
2021-11-13 05:00:00+00:00,-0.001499176
2021-11-13 05:30:00+00:00,-0.0002641678
2021-11-13 06:00:00+00:00,-0.0013256073
2021-11-13 06:30:00+00:00,0.0024032593
2021-11-13 07:00:00+00:00,0.0015850067
2021-11-13 07:30:00+00:00,-0.00047302246
2021-11-13 08:00:00+00:00,0.0031690598
2021-11-13 08:30:00+00:00,-0.0012865067
2021-11-13 09:00:00+00:00,-0.0020198822
2021-11-13 09:30:00+00:00,-0.001958847
2021-11-13 10:00:00+00:00,-0.0035514832
2021-11-13 10:30:00+00:00,-8.678436e-05
2021-11-13 11:00:00+00:00,0.0038890839
2021-11-13 11:30:00+00:00,-0.0011529922
2021-11-13 12:00:00+00:00,-0.0012645721
2021-11-13 12:30:00+00:00,-6.484985e-05
2021-11-13 13:00:00+00:00,-0.00025749207
2021-11-13 13:30:00+00:00,0.0007381439
2021-11-13 14:00:00+00:00,0.0002040863
2021-11-13 14:30:00+00:00,0.015880585
2021-11-13 15:00:00+00:00,0.0014839172
2021-11-13 15:30:00+00:00,-0.0013771057
2021-11-13 16:00:00+00:00,0.0011377335
2021-11-13 16:30:00+00:00,0.00083732605
2021-11-13 17:00:00+00:00,-0.0021705627
2021-11-13 17:30:00+00:00,0.00032520294
2021-11-13 18:00:00+00:00,0.00051784515
2021-11-13 18:30:00+00:00,-0.0056819916
2021-11-13 19:00:00+00:00,-0.0025911331
2021-11-13 19:30:00+00:00,-0.0009717941
2021-11-13 20:00:00+00:00,-0.002231598
2021-11-13 20:30:00+00:00,0.0011253357
2021-11-13 21:00:00+00:00,0.0054636
2021-11-13 21:30:00+00:00,-0.0012626648
2021-11-13 22:00:00+00:00,0.001537323
2021-11-13 22:30:00+00:00,-0.00024414062
2021-11-13 23:00:00+00:00,-0.0013313293
2021-11-13 23:30:00+00:00,0.0002593994
2021-11-14 00:00:00+00:00,0.0015068054
2021-11-14 00:30:00+00:00,0.012106895
2021-11-14 01:00:00+00:00,-0.0028829575
2021-11-14 01:30:00+00:00,-0.0018053055
2021-11-14 02:00:00+00:00,-0.001253128
2021-11-14 02:30:00+00:00,0.00022220612
2021-11-14 03:00:00+00:00,-0.0023403168
2021-11-14 03:30:00+00:00,0.0006465912
2021-11-14 04:00:00+00:00,-0.00064373016
2021-11-14 04:30:00+00:00,0.0025606155
2021-11-14 05:00:00+00:00,-0.0009622574
2021-11-14 05:30:00+00:00,-0.0018396378
2021-11-14 06:00:00+00:00,0.004047394
2021-11-14 06:30:00+00:00,0.00081539154
2021-11-14 07:00:00+00:00,-0.0022640228
2021-11-14 07:30:00+00:00,0.00014781952
2021-11-14 08:00:00+00:00,-0.002673149
2021-11-14 08:30:00+00:00,-0.0071001053
2021-11-14 09:00:00+00:00,0.0018835068
2021-11-14 09:30:00+00:00,0.0011005402
2021-11-14 10:00:00+00:00,-0.0016851425
2021-11-14 10:30:00+00:00,0.0030355453
2021-11-14 11:00:00+00:00,-0.0011234283
2021-11-14 11:30:00+00:00,0.0013589859
2021-11-14 12:00:00+00:00,-0.00054454803
2021-11-14 12:30:00+00:00,-0.0006132126
2021-11-14 13:00:00+00:00,0.0028648376
2021-11-14 13:30:00+00:00,0.002043724
2021-11-14 14:00:00+00:00,-0.0013465881
2021-11-14 14:30:00+00:00,-0.0028219223
2021-11-14 15:00:00+00:00,-0.0015487671
2021-11-14 15:30:00+00:00,-0.0033693314
2021-11-14 16:00:00+00:00,-0.00082683563
2021-11-14 16:30:00+00:00,0.0012197495
2021-11-14 17:00:00+00:00,-0.0065145493
2021-11-14 17:30:00+00:00,0.00039482117
2021-11-14 18:00:00+00:00,0.0068035126
2021-11-14 18:30:00+00:00,-0.003525734
2021-11-14 19:00:00+00:00,0.00092601776
2021-11-14 19:30:00+00:00,-0.00014686584
2021-11-14 20:00:00+00:00,0.0023059845
2021-11-14 20:30:00+00:00,0.0013542175
2021-11-14 21:00:00+00:00,-0.0005578995
2021-11-14 21:30:00+00:00,-0.001748085
2021-11-14 22:00:00+00:00,0.0030851364
2021-11-14 22:30:00+00:00,0.004281044
2021-11-14 23:00:00+00:00,-0.0009088516
2021-11-14 23:30:00+00:00,0.004053116
2021-11-15 00:00:00+00:00,0.011349678
2021-11-15 00:30:00+00:00,0.0062217712
2021-11-15 01:00:00+00:00,-0.0007944107
2021-11-15 01:30:00+00:00,-0.0035495758
2021-11-15 02:00:00+00:00,0.0038805008
2021-11-15 02:30:00+00:00,-0.0016365051
2021-11-15 03:00:00+00:00,-0.0013790131
2021-11-15 03:30:00+00:00,-0.00031375885
2021-11-15 04:00:00+00:00,0.00049209595
2021-11-15 04:30:00+00:00,0.0011692047
2021-11-15 05:00:00+00:00,-0.00055122375
2021-11-15 05:30:00+00:00,0.00084781647
2021-11-15 06:00:00+00:00,-0.0015850067
2021-11-15 06:30:00+00:00,0.0014848709
2021-11-15 07:00:00+00:00,-0.0019769669
2021-11-15 07:30:00+00:00,-0.00063323975
2021-11-15 08:00:00+00:00,-0.0007982254
2021-11-15 08:30:00+00:00,-0.0030488968
2021-11-15 09:00:00+00:00,0.0055933
2021-11-15 09:30:00+00:00,0.0053567886
2021-11-15 10:00:00+00:00,-0.0017290115
2021-11-15 10:30:00+00:00,-0.0035629272
2021-11-15 11:00:00+00:00,0.0025262833
2021-11-15 11:30:00+00:00,-0.0020837784
2021-11-15 12:00:00+00:00,-0.00038909912
2021-11-15 12:30:00+00:00,-3.1471252e-05
2021-11-15 13:00:00+00:00,-0.0010643005
2021-11-15 13:30:00+00:00,-0.0019664764
2021-11-15 14:00:00+00:00,-0.0005092621
2021-11-15 14:30:00+00:00,-0.005707741
2021-11-15 15:00:00+00:00,-0.0042772293
2021-11-15 15:30:00+00:00,-0.003976822
2021-11-15 16:00:00+00:00,-0.0047807693
2021-11-15 16:30:00+00:00,-0.0024785995
2021-11-15 17:00:00+00:00,0.0022287369
2021-11-15 17:30:00+00:00,9.536743e-06
2021-11-15 18:00:00+00:00,-0.0037984848
2021-11-15 18:30:00+00:00,-0.0003566742
2021-11-15 19:00:00+00:00,-0.002793312
2021-11-15 19:30:00+00:00,0.0028505325
2021-11-15 20:00:00+00:00,0.0037155151
2021-11-15 20:30:00+00:00,-0.0066871643
2021-11-15 21:00:00+00:00,0.0013103485
2021-11-15 21:30:00+00:00,-0.0018844604
2021-11-15 22:00:00+00:00,0.0013113022
2021-11-15 22:30:00+00:00,-0.004047394
2021-11-15 23:00:00+00:00,0.0058221817
2021-11-15 23:30:00+00:00,-0.005033493
2021-11-16 00:00:00+00:00,-0.0010194778
2021-11-16 00:30:00+00:00,-0.01560688
2021-11-16 01:00:00+00:00,-0.0010223389
2021-11-16 01:30:00+00:00,-0.010592461
2021-11-16 02:00:00+00:00,0.0030965805
2021-11-16 02:30:00+00:00,-0.0009317398
2021-11-16 03:00:00+00:00,-0.006627083
2021-11-16 03:30:00+00:00,-0.012236595
2021-11-16 04:00:00+00:00,0.0004014969
2021-11-16 04:30:00+00:00,0.003019333
2021-11-16 05:00:00+00:00,0.0019321442
2021-11-16 05:30:00+00:00,0.00178051
2021-11-16 06:00:00+00:00,-0.00614357
2021-11-16 06:30:00+00:00,-0.009792328
2021-11-16 07:00:00+00:00,0.007901192
2021-11-16 07:30:00+00:00,-0.0012292862
2021-11-16 08:00:00+00:00,0.0008382797
2021-11-16 08:30:00+00:00,-0.0009651184
2021-11-16 09:00:00+00:00,0.0040798187
2021-11-16 09:30:00+00:00,-0.006834984
2021-11-16 10:00:00+00:00,-0.00688076
2021-11-16 10:30:00+00:00,-0.015496254
2021-11-16 11:00:00+00:00,0.0150642395
2021-11-16 11:30:00+00:00,0.005419731
2021-11-16 12:00:00+00:00,0.0015516281
2021-11-16 12:30:00+00:00,0.00082969666
2021-11-16 13:00:00+00:00,-0.009763718
2021-11-16 13:30:00+00:00,0.0066661835
2021-11-16 14:00:00+00:00,0.0018720627
2021-11-16 14:30:00+00:00,0.002910614
2021-11-16 15:00:00+00:00,0.0030059814
2021-11-16 15:30:00+00:00,-0.0011167526
2021-11-16 16:00:00+00:00,-0.0026550293
2021-11-16 16:30:00+00:00,-0.0018777847
2021-11-16 17:00:00+00:00,0.0014591217
2021-11-16 17:30:00+00:00,-0.0012311935
2021-11-16 18:00:00+00:00,-0.0018043518
2021-11-16 18:30:00+00:00,-0.0015010834
2021-11-16 19:00:00+00:00,-0.007569313
2021-11-16 19:30:00+00:00,0.008112907
2021-11-16 20:00:00+00:00,-0.0031375885
2021-11-16 20:30:00+00:00,-0.009084702
2021-11-16 21:00:00+00:00,0.0009870529
2021-11-16 21:30:00+00:00,0.0112810135
2021-11-16 22:00:00+00:00,0.0008506775
2021-11-16 22:30:00+00:00,0.006163597
2021-11-16 23:00:00+00:00,-0.0041446686
2021-11-16 23:30:00+00:00,-0.0029459
2021-11-17 00:00:00+00:00,-0.0053920746
2021-11-17 00:30:00+00:00,-0.005583763
2021-11-17 01:00:00+00:00,-0.00017642975
2021-11-17 01:30:00+00:00,0.007068634
2021-11-17 02:00:00+00:00,-0.0135650635
2021-11-17 02:30:00+00:00,0.004175186
2021-11-17 03:00:00+00:00,-0.0034971237
2021-11-17 03:30:00+00:00,0.0021772385
2021-11-17 04:00:00+00:00,-0.007833481
2021-11-17 04:30:00+00:00,0.004814148
2021-11-17 05:00:00+00:00,0.0014820099
2021-11-17 05:30:00+00:00,-0.00021648407
2021-11-17 06:00:00+00:00,0.0032138824
2021-11-17 06:30:00+00:00,-0.0007715225
2021-11-17 07:00:00+00:00,0.00091362
2021-11-17 07:30:00+00:00,-0.0025615692
2021-11-17 08:00:00+00:00,0.0040006638
2021-11-17 08:30:00+00:00,0.0005950928
2021-11-17 09:00:00+00:00,-0.0022706985
2021-11-17 09:30:00+00:00,-0.007742882
2021-11-17 10:00:00+00:00,-0.0033025742
2021-11-17 10:30:00+00:00,0.0026988983
2021-11-17 11:00:00+00:00,0.023087502
2021-11-17 11:30:00+00:00,0.0008649826
2021-11-17 12:00:00+00:00,0.003399849
2021-11-17 12:30:00+00:00,-0.0039405823
2021-11-17 13:00:00+00:00,-0.0009698868
2021-11-17 13:30:00+00:00,-0.0025863647
2021-11-17 14:00:00+00:00,-0.0030374527
2021-11-17 14:30:00+00:00,0.0025463104
2021-11-17 15:00:00+00:00,-0.010733604
2021-11-17 15:30:00+00:00,-0.0026330948
2021-11-17 16:00:00+00:00,0.00310421
2021-11-17 16:30:00+00:00,0.005514145
2021-11-17 17:00:00+00:00,0.0067625046
2021-11-17 17:30:00+00:00,-0.0047416687
2021-11-17 18:00:00+00:00,0.002251625
2021-11-17 18:30:00+00:00,0.004916191
2021-11-17 19:00:00+00:00,-0.0012636185
2021-11-17 19:30:00+00:00,-0.0010471344
2021-11-17 20:00:00+00:00,-0.003191948
2021-11-17 20:30:00+00:00,-0.0007791519
2021-11-17 21:00:00+00:00,0.004055023
2021-11-17 21:30:00+00:00,-0.009559631
2021-11-17 22:00:00+00:00,0.00497818
2021-11-17 22:30:00+00:00,-0.004811287
2021-11-17 23:00:00+00:00,0.0025978088
2021-11-17 23:30:00+00:00,0.001168251
2021-11-18 00:00:00+00:00,0.0047626495
2021-11-18 00:30:00+00:00,0.002412796
2021-11-18 01:00:00+00:00,-2.002716e-05
2021-11-18 01:30:00+00:00,-0.0037527084
2021-11-18 02:00:00+00:00,0.004916191
2021-11-18 02:30:00+00:00,-0.0008735657
2021-11-18 03:00:00+00:00,0.0024871826
2021-11-18 03:30:00+00:00,-0.006225586
2021-11-18 04:00:00+00:00,-0.007036209
2021-11-18 04:30:00+00:00,-0.001367569
2021-11-18 05:00:00+00:00,-0.0014877319
2021-11-18 05:30:00+00:00,0.0011777878
2021-11-18 06:00:00+00:00,0.0010433197
2021-11-18 06:30:00+00:00,-0.0005121231
2021-11-18 07:00:00+00:00,0.0007352829
2021-11-18 07:30:00+00:00,-0.0035648346
2021-11-18 08:00:00+00:00,0.0023422241
2021-11-18 08:30:00+00:00,0.0006389618
2021-11-18 09:00:00+00:00,-0.0019960403
2021-11-18 09:30:00+00:00,-0.00660038
2021-11-18 10:00:00+00:00,7.43866e-05
2021-11-18 10:30:00+00:00,0.0012636185
2021-11-18 11:00:00+00:00,0.0071086884
2021-11-18 11:30:00+00:00,0.0002822876
2021-11-18 12:00:00+00:00,-0.009636879
2021-11-18 12:30:00+00:00,0.005765915
2021-11-18 13:00:00+00:00,-0.0075674057
2021-11-18 13:30:00+00:00,-0.0037612915
2021-11-18 14:00:00+00:00,0.0051164627
2021-11-18 14:30:00+00:00,-0.004252434
2021-11-18 15:00:00+00:00,-0.00034999847
2021-11-18 15:30:00+00:00,-0.0018901825
2021-11-18 16:00:00+00:00,-0.012021065
2021-11-18 16:30:00+00:00,-0.006450653
2021-11-18 17:00:00+00:00,-0.0078058243
2021-11-18 17:30:00+00:00,0.0074892044
2021-11-18 18:00:00+00:00,-0.0032043457
2021-11-18 18:30:00+00:00,0.0040693283
2021-11-18 19:00:00+00:00,0.0037403107
2021-11-18 19:30:00+00:00,0.0024852753
2021-11-18 20:00:00+00:00,-0.0035934448
2021-11-18 20:30:00+00:00,0.0004911423
2021-11-18 21:00:00+00:00,-0.00013828278
2021-11-18 21:30:00+00:00,-0.0019798279
2021-11-18 22:00:00+00:00,-0.0047512054
2021-11-18 22:30:00+00:00,-0.0033931732
2021-11-18 23:00:00+00:00,-0.013134003
2021-11-18 23:30:00+00:00,0.004545212
2021-11-19 00:00:00+00:00,0.0003862381
2021-11-19 00:30:00+00:00,0.0028076172
2021-11-19 01:00:00+00:00,0.0077648163
2021-11-19 01:30:00+00:00,-0.009326935
2021-11-19 02:00:00+00:00,-0.004412651
2021-11-19 02:30:00+00:00,-0.0018148422
2021-11-19 03:00:00+00:00,-0.009082794
2021-11-19 03:30:00+00:00,-0.0033388138
2021-11-19 04:00:00+00:00,3.6239624e-05
2021-11-19 04:30:00+00:00,0.0029678345
2021-11-19 05:00:00+00:00,0.002902031
2021-11-19 05:30:00+00:00,-0.0032892227
2021-11-19 06:00:00+00:00,0.0059633255
2021-11-19 06:30:00+00:00,-0.00070858
2021-11-19 07:00:00+00:00,-0.001045227
2021-11-19 07:30:00+00:00,-0.0044822693
2021-11-19 08:00:00+00:00,-0.0007648468
2021-11-19 08:30:00+00:00,0.023768425
2021-11-19 09:00:00+00:00,-0.0057725906
2021-11-19 09:30:00+00:00,0.0018615723
2021-11-19 10:00:00+00:00,-0.002360344
2021-11-19 10:30:00+00:00,-0.0016145706
2021-11-19 11:00:00+00:00,-0.00013542175
2021-11-19 11:30:00+00:00,-0.004032135
2021-11-19 12:00:00+00:00,0.005844116
2021-11-19 12:30:00+00:00,0.0057582855
2021-11-19 13:00:00+00:00,-0.0076141357
2021-11-19 13:30:00+00:00,0.007851601
2021-11-19 14:00:00+00:00,0.004626274
2021-11-19 14:30:00+00:00,0.0017852783
2021-11-19 15:00:00+00:00,0.0046539307
2021-11-19 15:30:00+00:00,-0.0037994385
2021-11-19 16:00:00+00:00,0.0020103455
2021-11-19 16:30:00+00:00,-0.0018119812
2021-11-19 17:00:00+00:00,0.006374359
2021-11-19 17:30:00+00:00,0.0027618408
2021-11-19 18:00:00+00:00,-0.005660057
2021-11-19 18:30:00+00:00,-0.0018291473
2021-11-19 19:00:00+00:00,0.00011634827
2021-11-19 19:30:00+00:00,-0.00053691864
2021-11-19 20:00:00+00:00,0.003230095
2021-11-19 20:30:00+00:00,-0.0046548843
2021-11-19 21:00:00+00:00,8.9645386e-05
2021-11-19 21:30:00+00:00,-0.0012388229
2021-11-19 22:00:00+00:00,0.0019073486
2021-11-19 22:30:00+00:00,0.0019779205
2021-11-19 23:00:00+00:00,-0.0018320084
2021-11-19 23:30:00+00:00,0.0021190643
2021-11-20 00:00:00+00:00,0.0019741058
2021-11-20 00:30:00+00:00,0.006412506
2021-11-20 01:00:00+00:00,-0.0032920837
2021-11-20 01:30:00+00:00,0.00836277
2021-11-20 02:00:00+00:00,0.0009031296
2021-11-20 02:30:00+00:00,0.00030899048
2021-11-20 03:00:00+00:00,-0.00038909912
2021-11-20 03:30:00+00:00,-0.0022249222
2021-11-20 04:00:00+00:00,-0.0021352768
2021-11-20 04:30:00+00:00,-0.00182724
2021-11-20 05:00:00+00:00,0.0015106201
2021-11-20 05:30:00+00:00,-0.001414299
2021-11-20 06:00:00+00:00,-0.00016307831
2021-11-20 06:30:00+00:00,0.0034637451
2021-11-20 07:00:00+00:00,0.0005674362
2021-11-20 07:30:00+00:00,-0.0030345917
2021-11-20 08:00:00+00:00,-0.0012817383
2021-11-20 08:30:00+00:00,0.0016059875
2021-11-20 09:00:00+00:00,-0.00015258789
2021-11-20 09:30:00+00:00,-0.000746727
2021-11-20 10:00:00+00:00,0.0013189316
2021-11-20 10:30:00+00:00,0.0027856827
2021-11-20 11:00:00+00:00,-0.0031261444
2021-11-20 11:30:00+00:00,0.00027275085
2021-11-20 12:00:00+00:00,0.0023126602
2021-11-20 12:30:00+00:00,-0.0005016327
2021-11-20 13:00:00+00:00,-0.0007829666
2021-11-20 13:30:00+00:00,0.00025177002
2021-11-20 14:00:00+00:00,-0.0016717911
2021-11-20 14:30:00+00:00,-0.001704216
2021-11-20 15:00:00+00:00,-0.00046157837
2021-11-20 15:30:00+00:00,-0.007249832
2021-11-20 16:00:00+00:00,-0.0054502487
2021-11-20 16:30:00+00:00,0.00074863434
2021-11-20 17:00:00+00:00,0.002029419
2021-11-20 17:30:00+00:00,-0.0010623932
2021-11-20 18:00:00+00:00,0.003581047
2021-11-20 18:30:00+00:00,0.02517414
2021-11-20 19:00:00+00:00,0.0005750656
2021-11-20 19:30:00+00:00,-0.0024929047
2021-11-20 20:00:00+00:00,0.0026597977
2021-11-20 20:30:00+00:00,-0.0010538101
2021-11-20 21:00:00+00:00,0.00036239624
2021-11-20 21:30:00+00:00,0.0014066696
2021-11-20 22:00:00+00:00,0.0016756058
2021-11-20 22:30:00+00:00,0.0023450851
2021-11-20 23:00:00+00:00,-0.0006980896
2021-11-20 23:30:00+00:00,-0.002404213
2021-11-21 00:00:00+00:00,0.0026512146
2021-11-21 00:30:00+00:00,-0.0024471283
2021-11-21 01:00:00+00:00,-0.0030460358
2021-11-21 01:30:00+00:00,-0.0006599426
2021-11-21 02:00:00+00:00,0.00023555756
2021-11-21 02:30:00+00:00,-0.0035295486
2021-11-21 03:00:00+00:00,-0.0014505386
2021-11-21 03:30:00+00:00,-0.0016670227
2021-11-21 04:00:00+00:00,-0.0043697357
2021-11-21 04:30:00+00:00,0.0011329651
2021-11-21 05:00:00+00:00,-0.0024404526
2021-11-21 05:30:00+00:00,0.00089740753
2021-11-21 06:00:00+00:00,0.0057840347
2021-11-21 06:30:00+00:00,-0.0021409988
2021-11-21 07:00:00+00:00,0.0052337646
2021-11-21 07:30:00+00:00,-0.0021133423
2021-11-21 08:00:00+00:00,-0.0013999939
2021-11-21 08:30:00+00:00,-0.0011539459
2021-11-21 09:00:00+00:00,-0.0030078888
2021-11-21 09:30:00+00:00,0.0035171509
2021-11-21 10:00:00+00:00,-0.0003633499
2021-11-21 10:30:00+00:00,-0.0021409988
2021-11-21 11:00:00+00:00,0.00044250488
2021-11-21 11:30:00+00:00,-0.003186226
2021-11-21 12:00:00+00:00,0.0011110306
2021-11-21 12:30:00+00:00,0.0075740814
2021-11-21 13:00:00+00:00,-0.0016918182
2021-11-21 13:30:00+00:00,-0.0009317398
2021-11-21 14:00:00+00:00,-0.0025281906
2021-11-21 14:30:00+00:00,-0.00058460236
2021-11-21 15:00:00+00:00,0.0014705658
2021-11-21 15:30:00+00:00,0.0038986206
2021-11-21 16:00:00+00:00,0.0011177063
2021-11-21 16:30:00+00:00,-0.0008363724
2021-11-21 17:00:00+00:00,0.011636734
2021-11-21 17:30:00+00:00,-0.0022668839
2021-11-21 18:00:00+00:00,-0.0038928986
2021-11-21 18:30:00+00:00,-0.0008735657
2021-11-21 19:00:00+00:00,8.392334e-05
2021-11-21 19:30:00+00:00,-0.0014543533
2021-11-21 20:00:00+00:00,-0.0004348755
2021-11-21 20:30:00+00:00,0.002008438
2021-11-21 21:00:00+00:00,0.002585411
2021-11-21 21:30:00+00:00,-0.0006418228
2021-11-21 22:00:00+00:00,-0.0011940002
2021-11-21 22:30:00+00:00,-0.002530098
2021-11-21 23:00:00+00:00,-0.003522873
2021-11-21 23:30:00+00:00,0.0011415482
2021-11-22 00:00:00+00:00,-0.009432793
2021-11-22 00:30:00+00:00,-0.0063648224
2021-11-22 01:00:00+00:00,-0.002026558
2021-11-22 01:30:00+00:00,-0.001821518
2021-11-22 02:00:00+00:00,0.00010871887
2021-11-22 02:30:00+00:00,-0.010128975
2021-11-22 03:00:00+00:00,0.004184723
2021-11-22 03:30:00+00:00,-0.0017642975
2021-11-22 04:00:00+00:00,-0.0030975342
2021-11-22 04:30:00+00:00,-7.6293945e-06
2021-11-22 05:00:00+00:00,-0.0058202744
2021-11-22 05:30:00+00:00,0.0011138916
2021-11-22 06:00:00+00:00,0.005396843
2021-11-22 06:30:00+00:00,-0.0041475296
2021-11-22 07:00:00+00:00,0.0017671585
2021-11-22 07:30:00+00:00,0.0043964386
2021-11-22 08:00:00+00:00,-0.005379677
2021-11-22 08:30:00+00:00,0.004240036
2021-11-22 09:00:00+00:00,-0.0027198792
2021-11-22 09:30:00+00:00,0.0027360916
2021-11-22 10:00:00+00:00,-0.0063524246
2021-11-22 10:30:00+00:00,0.0028505325
2021-11-22 11:00:00+00:00,0.0012512207
2021-11-22 11:30:00+00:00,0.0014429092
2021-11-22 12:00:00+00:00,-0.004638672
2021-11-22 12:30:00+00:00,0.007851601
2021-11-22 13:00:00+00:00,-0.008440018
2021-11-22 13:30:00+00:00,0.0010995865
2021-11-22 14:00:00+00:00,0.028245926
2021-11-22 14:30:00+00:00,-0.010773659
2021-11-22 15:00:00+00:00,0.0004005432
2021-11-22 15:30:00+00:00,-0.0017623901
2021-11-22 16:00:00+00:00,0.00061798096
2021-11-22 16:30:00+00:00,-0.0053977966
2021-11-22 17:00:00+00:00,-0.00274086
2021-11-22 17:30:00+00:00,-0.00356102
2021-11-22 18:00:00+00:00,-0.0012311935
2021-11-22 18:30:00+00:00,-0.00481987
2021-11-22 19:00:00+00:00,-0.012757301
2021-11-22 19:30:00+00:00,-0.004424095
2021-11-22 20:00:00+00:00,-0.003575325
2021-11-22 20:30:00+00:00,-8.869171e-05
2021-11-22 21:00:00+00:00,-0.0026330948
2021-11-22 21:30:00+00:00,0.00017738342
2021-11-22 22:00:00+00:00,0.0068740845
2021-11-22 22:30:00+00:00,0.00071144104
2021-11-22 23:00:00+00:00,0.00724411
2021-11-22 23:30:00+00:00,-0.0052194595
2021-11-23 00:00:00+00:00,-0.0024271011
2021-11-23 00:30:00+00:00,0.008241653
2021-11-23 01:00:00+00:00,-0.0021877289
2021-11-23 01:30:00+00:00,0.0026540756
2021-11-23 02:00:00+00:00,0.0019893646
2021-11-23 02:30:00+00:00,0.0007610321
2021-11-23 03:00:00+00:00,0.00029182434
2021-11-23 03:30:00+00:00,0.003314972
2021-11-23 04:00:00+00:00,-0.0026054382
2021-11-23 04:30:00+00:00,0.0011873245
2021-11-23 05:00:00+00:00,-0.0037145615
2021-11-23 05:30:00+00:00,-0.004878998
2021-11-23 06:00:00+00:00,0.0007009506
2021-11-23 06:30:00+00:00,-0.00433445
2021-11-23 07:00:00+00:00,0.0013656616
2021-11-23 07:30:00+00:00,-0.008191109
2021-11-23 08:00:00+00:00,0.0016641617
2021-11-23 08:30:00+00:00,-0.0011167526
2021-11-23 09:00:00+00:00,0.005592346
2021-11-23 09:30:00+00:00,0.0005645752
2021-11-23 10:00:00+00:00,0.0055856705
2021-11-23 10:30:00+00:00,0.012915611
2021-11-23 11:00:00+00:00,-0.018204689
2021-11-23 11:30:00+00:00,-0.0018148422
2021-11-23 12:00:00+00:00,-0.0013904572
2021-11-23 12:30:00+00:00,0.0048246384
2021-11-23 13:00:00+00:00,-0.0018205643
2021-11-23 13:30:00+00:00,0.009683609
2021-11-23 14:00:00+00:00,-0.0012893677
2021-11-23 14:30:00+00:00,0.0036506653
2021-11-23 15:00:00+00:00,0.011624336
2021-11-23 15:30:00+00:00,-0.008627892
2021-11-23 16:00:00+00:00,-0.0048856735
2021-11-23 16:30:00+00:00,0.007839203
2021-11-23 17:00:00+00:00,0.002073288
2021-11-23 17:30:00+00:00,0.0009727478
2021-11-23 18:00:00+00:00,-0.004473686
2021-11-23 18:30:00+00:00,-0.0012216568
2021-11-23 19:00:00+00:00,0.0039567947
2021-11-23 19:30:00+00:00,0.0008764267
2021-11-23 20:00:00+00:00,0.005545616
2021-11-23 20:30:00+00:00,-0.0047569275
2021-11-23 21:00:00+00:00,0.0056676865
2021-11-23 21:30:00+00:00,-0.003077507
2021-11-23 22:00:00+00:00,0.00050258636
2021-11-23 22:30:00+00:00,-0.0006570816
2021-11-23 23:00:00+00:00,-0.0014896393
2021-11-23 23:30:00+00:00,0.00027561188
2021-11-24 00:00:00+00:00,-0.00063991547
2021-11-24 00:30:00+00:00,0.00087451935
2021-11-24 01:00:00+00:00,-0.0015821457
2021-11-24 01:30:00+00:00,-0.005709648
2021-11-24 02:00:00+00:00,-0.002248764
2021-11-24 02:30:00+00:00,-0.011023521
2021-11-24 03:00:00+00:00,-0.002960205
2021-11-24 03:30:00+00:00,0.0029296875
2021-11-24 04:00:00+00:00,-0.00031375885
2021-11-24 04:30:00+00:00,0.0034341812
2021-11-24 05:00:00+00:00,-0.0005836487
2021-11-24 05:30:00+00:00,0.0015764236
2021-11-24 06:00:00+00:00,-0.0007619858
2021-11-24 06:30:00+00:00,-0.0056495667
2021-11-24 07:00:00+00:00,0.005572319
2021-11-24 07:30:00+00:00,0.0005683899
2021-11-24 08:00:00+00:00,-0.00217247
2021-11-24 08:30:00+00:00,0.003975868
2021-11-24 09:00:00+00:00,0.0020341873
2021-11-24 09:30:00+00:00,0.0023593903
2021-11-24 10:00:00+00:00,-0.005288124
2021-11-24 10:30:00+00:00,-0.00033187866
2021-11-24 11:00:00+00:00,-0.0039720535
2021-11-24 11:30:00+00:00,0.0018758774
2021-11-24 12:00:00+00:00,0.0013380051
2021-11-24 12:30:00+00:00,0.00016880035
2021-11-24 13:00:00+00:00,-0.0032987595
2021-11-24 13:30:00+00:00,0.002916336
2021-11-24 14:00:00+00:00,-0.010220528
2021-11-24 14:30:00+00:00,0.0008993149
2021-11-24 15:00:00+00:00,0.00067329407
2021-11-24 15:30:00+00:00,0.0030946732
2021-11-24 16:00:00+00:00,0.0074186325
2021-11-24 16:30:00+00:00,-0.0015029907
2021-11-24 17:00:00+00:00,-0.00042533875
2021-11-24 17:30:00+00:00,-0.0009050369
2021-11-24 18:00:00+00:00,-5.1498413e-05
2021-11-24 18:30:00+00:00,0.007329941
2021-11-24 19:00:00+00:00,-0.0029611588
2021-11-24 19:30:00+00:00,-0.0011014938
2021-11-24 20:00:00+00:00,0.0017204285
2021-11-24 20:30:00+00:00,0.00484848
2021-11-24 21:00:00+00:00,0.004839897
2021-11-24 21:30:00+00:00,-0.002327919
2021-11-24 22:00:00+00:00,0.0011253357
2021-11-24 22:30:00+00:00,-0.0021848679
2021-11-24 23:00:00+00:00,-0.003276825
2021-11-24 23:30:00+00:00,0.00051784515
2021-11-25 00:00:00+00:00,0.0016298294
2021-11-25 00:30:00+00:00,0.0055589676
2021-11-25 01:00:00+00:00,0.009997368
2021-11-25 01:30:00+00:00,-0.0018692017
2021-11-25 02:00:00+00:00,-0.002875328
2021-11-25 02:30:00+00:00,-0.0024900436
2021-11-25 03:00:00+00:00,0.0020532608
2021-11-25 03:30:00+00:00,-0.0008325577
2021-11-25 04:00:00+00:00,0.0011453629
2021-11-25 04:30:00+00:00,-0.0066099167
2021-11-25 05:00:00+00:00,-0.0019683838
2021-11-25 05:30:00+00:00,-0.0010089874
2021-11-25 06:00:00+00:00,-0.0012817383
2021-11-25 06:30:00+00:00,0.0020151138
2021-11-25 07:00:00+00:00,0.0005235672
2021-11-25 07:30:00+00:00,0.0036907196
2021-11-25 08:00:00+00:00,0.0028505325
2021-11-25 08:30:00+00:00,0.00081920624
2021-11-25 09:00:00+00:00,-0.0019330978
2021-11-25 09:30:00+00:00,-0.002120018
2021-11-25 10:00:00+00:00,0.005426407
2021-11-25 10:30:00+00:00,0.008318901
2021-11-25 11:00:00+00:00,-0.0041065216
2021-11-25 11:30:00+00:00,-0.0015678406
2021-11-25 12:00:00+00:00,0.0018758774
2021-11-25 12:30:00+00:00,0.0038967133
2021-11-25 13:00:00+00:00,0.006524086
2021-11-25 13:30:00+00:00,0.0025758743
2021-11-25 14:00:00+00:00,-0.0038604736
2021-11-25 14:30:00+00:00,0.001572609
2021-11-25 15:00:00+00:00,0.0011167526
2021-11-25 15:30:00+00:00,-0.001294136
2021-11-25 16:00:00+00:00,0.0069351196
2021-11-25 16:30:00+00:00,0.00071048737
2021-11-25 17:00:00+00:00,-0.001821518
2021-11-25 17:30:00+00:00,0.0025119781
2021-11-25 18:00:00+00:00,0.0003299713
2021-11-25 18:30:00+00:00,-0.0018024445
2021-11-25 19:00:00+00:00,0.0010843277
2021-11-25 19:30:00+00:00,-0.0066928864
2021-11-25 20:00:00+00:00,0.0026378632
2021-11-25 20:30:00+00:00,0.0023317337
2021-11-25 21:00:00+00:00,-0.0023765564
2021-11-25 21:30:00+00:00,0.0013170242
2021-11-25 22:00:00+00:00,-0.0021095276
2021-11-25 22:30:00+00:00,-0.0017585754
2021-11-25 23:00:00+00:00,0.0024585724
2021-11-25 23:30:00+00:00,0.0044384003
2021-11-26 00:00:00+00:00,-0.0029420853
2021-11-26 00:30:00+00:00,-0.0017108917
2021-11-26 01:00:00+00:00,-0.0023622513
2021-11-26 01:30:00+00:00,0.0028219223
2021-11-26 02:00:00+00:00,-0.0044994354
2021-11-26 02:30:00+00:00,-0.00381279
2021-11-26 03:00:00+00:00,-0.003156662
2021-11-26 03:30:00+00:00,-0.0014743805
2021-11-26 04:00:00+00:00,-0.0033216476
2021-11-26 04:30:00+00:00,-0.00055503845
2021-11-26 05:00:00+00:00,-0.0010051727
2021-11-26 05:30:00+00:00,-0.0037498474
2021-11-26 06:00:00+00:00,0.0038280487
2021-11-26 06:30:00+00:00,-0.0022144318
2021-11-26 07:00:00+00:00,-0.00207901
2021-11-26 07:30:00+00:00,-0.0016489029
2021-11-26 08:00:00+00:00,-0.00908947
2021-11-26 08:30:00+00:00,-0.019005775
2021-11-26 09:00:00+00:00,-0.01272583
2021-11-26 09:30:00+00:00,-0.0035791397
2021-11-26 10:00:00+00:00,-0.002541542
2021-11-26 10:30:00+00:00,-0.004889488
2021-11-26 11:00:00+00:00,-0.0032835007
2021-11-26 11:30:00+00:00,0.004324913
2021-11-26 12:00:00+00:00,-0.016960144
2021-11-26 12:30:00+00:00,0.008026123
2021-11-26 13:00:00+00:00,0.002752304
2021-11-26 13:30:00+00:00,-0.0026216507
2021-11-26 14:00:00+00:00,0.0077400208
2021-11-26 14:30:00+00:00,0.0022087097
2021-11-26 15:00:00+00:00,-0.0015325546
2021-11-26 15:30:00+00:00,-0.0042591095
2021-11-26 16:00:00+00:00,-0.0012760162
2021-11-26 16:30:00+00:00,0.00031089783
2021-11-26 17:00:00+00:00,-0.0012226105
2021-11-26 17:30:00+00:00,0.0008649826
2021-11-26 18:00:00+00:00,-0.002108574
2021-11-26 18:30:00+00:00,-0.0047273636
2021-11-26 19:00:00+00:00,0.0023937225
2021-11-26 19:30:00+00:00,0.0037021637
2021-11-26 20:00:00+00:00,0.0006532669
2021-11-26 20:30:00+00:00,0.0012435913
2021-11-26 21:00:00+00:00,0.002158165
2021-11-26 21:30:00+00:00,-0.0036706924
2021-11-26 22:00:00+00:00,-0.0059127808
2021-11-26 22:30:00+00:00,0.0039129257
2021-11-26 23:00:00+00:00,-0.0023126602
2021-11-26 23:30:00+00:00,-0.0073804855
2021-11-27 00:00:00+00:00,0.0008802414
2021-11-27 00:30:00+00:00,0.011467934
2021-11-27 01:00:00+00:00,-0.0047922134
2021-11-27 01:30:00+00:00,0.0015354156
2021-11-27 02:00:00+00:00,-0.0005130768
2021-11-27 02:30:00+00:00,0.0049066544
2021-11-27 03:00:00+00:00,-0.0005683899
2021-11-27 03:30:00+00:00,0.0032110214
2021-11-27 04:00:00+00:00,-0.003929138
2021-11-27 04:30:00+00:00,0.0013113022
2021-11-27 05:00:00+00:00,0.0009860992
2021-11-27 05:30:00+00:00,-0.0015974045
2021-11-27 06:00:00+00:00,-0.0027446747
2021-11-27 06:30:00+00:00,0.0006580353
2021-11-27 07:00:00+00:00,-0.00041866302
2021-11-27 07:30:00+00:00,0.0011510849
2021-11-27 08:00:00+00:00,0.0014696121
2021-11-27 08:30:00+00:00,0.0124492645
2021-11-27 09:00:00+00:00,-0.0005598068
2021-11-27 09:30:00+00:00,-0.0040922165
2021-11-27 10:00:00+00:00,-0.0042676926
2021-11-27 10:30:00+00:00,0.0017700195
2021-11-27 11:00:00+00:00,0.00063705444
2021-11-27 11:30:00+00:00,0.002207756
2021-11-27 12:00:00+00:00,-0.0041093826
2021-11-27 12:30:00+00:00,0.00014972687
2021-11-27 13:00:00+00:00,0.0018177032
2021-11-27 13:30:00+00:00,0.0032281876
2021-11-27 14:00:00+00:00,0.0012817383
2021-11-27 14:30:00+00:00,0.0006914139
2021-11-27 15:00:00+00:00,-0.0050668716
2021-11-27 15:30:00+00:00,0.0011558533
2021-11-27 16:00:00+00:00,0.0019388199
2021-11-27 16:30:00+00:00,0.0014982224
2021-11-27 17:00:00+00:00,-0.0014829636
2021-11-27 17:30:00+00:00,0.0021457672
2021-11-27 18:00:00+00:00,-0.002292633
2021-11-27 18:30:00+00:00,-0.0019960403
2021-11-27 19:00:00+00:00,0.0032024384
2021-11-27 19:30:00+00:00,-0.0017967224
2021-11-27 20:00:00+00:00,0.0013628006
2021-11-27 20:30:00+00:00,0.00055122375
2021-11-27 21:00:00+00:00,-0.013049126
2021-11-27 21:30:00+00:00,-0.0014410019
2021-11-27 22:00:00+00:00,0.007124901
2021-11-27 22:30:00+00:00,0.001750946
2021-11-27 23:00:00+00:00,0.0031995773
2021-11-27 23:30:00+00:00,-0.0031290054
2021-11-28 00:00:00+00:00,0.0010890961
2021-11-28 00:30:00+00:00,-0.0036115646
2021-11-28 01:00:00+00:00,0.002737999
2021-11-28 01:30:00+00:00,-0.0028924942
2021-11-28 02:00:00+00:00,-0.0049791336
2021-11-28 02:30:00+00:00,-0.0011463165
2021-11-28 03:00:00+00:00,0.0033874512
2021-11-28 03:30:00+00:00,-0.0015935898
2021-11-28 04:00:00+00:00,-0.0022230148
2021-11-28 04:30:00+00:00,-0.00045013428
2021-11-28 05:00:00+00:00,-0.0011234283
2021-11-28 05:30:00+00:00,0.0031089783
2021-11-28 06:00:00+00:00,0.002650261
2021-11-28 06:30:00+00:00,8.583069e-05
2021-11-28 07:00:00+00:00,0.0018787384
2021-11-28 07:30:00+00:00,-1.04904175e-05
2021-11-28 08:00:00+00:00,0.00042438507
2021-11-28 08:30:00+00:00,-0.0011501312
2021-11-28 09:00:00+00:00,-0.00068473816
2021-11-28 09:30:00+00:00,-0.003531456
2021-11-28 10:00:00+00:00,0.002333641
2021-11-28 10:30:00+00:00,-0.0008068085
2021-11-28 11:00:00+00:00,0.007823944
2021-11-28 11:30:00+00:00,-0.00092983246
2021-11-28 12:00:00+00:00,-0.0029354095
2021-11-28 12:30:00+00:00,-0.0025920868
2021-11-28 13:00:00+00:00,-0.00013446808
2021-11-28 13:30:00+00:00,-0.001083374
2021-11-28 14:00:00+00:00,-0.00032901764
2021-11-28 14:30:00+00:00,0.0014028549
2021-11-28 15:00:00+00:00,8.392334e-05
2021-11-28 15:30:00+00:00,-0.0026693344
2021-11-28 16:00:00+00:00,0.0015363693
2021-11-28 16:30:00+00:00,-0.0045108795
2021-11-28 17:00:00+00:00,0.002292633
2021-11-28 17:30:00+00:00,-0.0023078918
2021-11-28 18:00:00+00:00,-0.0027256012
2021-11-28 18:30:00+00:00,-0.004076004
2021-11-28 19:00:00+00:00,0.0077238083
2021-11-28 19:30:00+00:00,0.007080078
2021-11-28 20:00:00+00:00,0.0022287369
2021-11-28 20:30:00+00:00,0.003047943
2021-11-28 21:00:00+00:00,0.0023031235
2021-11-28 21:30:00+00:00,0.01539135
2021-11-28 22:00:00+00:00,0.009057045
2021-11-28 22:30:00+00:00,0.0009279251
2021-11-28 23:00:00+00:00,-0.0050354004
2021-11-28 23:30:00+00:00,0.021635056
2021-11-29 00:00:00+00:00,0.00037384033
2021-11-29 00:30:00+00:00,0.008432388
2021-11-29 01:00:00+00:00,-0.00022220612
2021-11-29 01:30:00+00:00,-0.0007200241
2021-11-29 02:00:00+00:00,-0.0009031296
2021-11-29 02:30:00+00:00,-0.0025815964
2021-11-29 03:00:00+00:00,-0.0030241013
2021-11-29 03:30:00+00:00,0.000497818
2021-11-29 04:00:00+00:00,0.00013542175
2021-11-29 04:30:00+00:00,-0.0011844635
2021-11-29 05:00:00+00:00,-0.0006952286
2021-11-29 05:30:00+00:00,-0.0004272461
2021-11-29 06:00:00+00:00,0.0014266968
2021-11-29 06:30:00+00:00,0.0024518967
2021-11-29 07:00:00+00:00,-0.0008583069
2021-11-29 07:30:00+00:00,0.004302025
2021-11-29 08:00:00+00:00,-0.0027656555
2021-11-29 08:30:00+00:00,-0.004555702
2021-11-29 09:00:00+00:00,0.00038146973
2021-11-29 09:30:00+00:00,0.00071144104
2021-11-29 10:00:00+00:00,-0.007349968
2021-11-29 10:30:00+00:00,0.008237839
2021-11-29 11:00:00+00:00,-0.0029153824
2021-11-29 11:30:00+00:00,-0.0018587112
2021-11-29 12:00:00+00:00,-0.003252983
2021-11-29 12:30:00+00:00,0.0005350113
2021-11-29 13:00:00+00:00,-0.0002374649
2021-11-29 13:30:00+00:00,0.0017375946
2021-11-29 14:00:00+00:00,0.0047655106
2021-11-29 14:30:00+00:00,-0.0026865005
2021-11-29 15:00:00+00:00,-0.001584053
2021-11-29 15:30:00+00:00,-0.001414299
2021-11-29 16:00:00+00:00,0.002623558
2021-11-29 16:30:00+00:00,-0.0007534027
2021-11-29 17:00:00+00:00,0.00694561
2021-11-29 17:30:00+00:00,0.01881504
2021-11-29 18:00:00+00:00,0.0011253357
2021-11-29 18:30:00+00:00,0.00012874603
2021-11-29 19:00:00+00:00,0.00028705597
2021-11-29 19:30:00+00:00,-0.0081272125
2021-11-29 20:00:00+00:00,-0.0047512054
2021-11-29 20:30:00+00:00,0.0023117065
2021-11-29 21:00:00+00:00,0.00014591217
2021-11-29 21:30:00+00:00,0.00470829
2021-11-29 22:00:00+00:00,-0.0006952286
2021-11-29 22:30:00+00:00,-0.00084400177
2021-11-29 23:00:00+00:00,-0.0024747849
2021-11-29 23:30:00+00:00,-0.0009050369
2021-11-30 00:00:00+00:00,-0.0040016174
2021-11-30 00:30:00+00:00,0.0007686615
2021-11-30 01:00:00+00:00,-0.0019989014
2021-11-30 01:30:00+00:00,-0.0100393295
2021-11-30 02:00:00+00:00,0.0021533966
2021-11-30 02:30:00+00:00,0.0024232864
2021-11-30 03:00:00+00:00,-0.00072956085
2021-11-30 03:30:00+00:00,-0.0031147003
2021-11-30 04:00:00+00:00,-0.0017814636
2021-11-30 04:30:00+00:00,0.0011301041
2021-11-30 05:00:00+00:00,0.00091171265
2021-11-30 05:30:00+00:00,-0.0066719055
2021-11-30 06:00:00+00:00,-0.009308815
2021-11-30 06:30:00+00:00,0.0006017685
2021-11-30 07:00:00+00:00,0.0032901764
2021-11-30 07:30:00+00:00,-0.0009899139
2021-11-30 08:00:00+00:00,0.00061511993
2021-11-30 08:30:00+00:00,0.00038146973
2021-11-30 09:00:00+00:00,0.0040893555
2021-11-30 09:30:00+00:00,-0.0051431656
2021-11-30 10:00:00+00:00,0.0044727325
2021-11-30 10:30:00+00:00,-0.001036644
2021-11-30 11:00:00+00:00,0.008331299
2021-11-30 11:30:00+00:00,0.001964569
2021-11-30 12:00:00+00:00,0.0058488846
2021-11-30 12:30:00+00:00,0.00612545
2021-11-30 13:00:00+00:00,-0.0017766953
2021-11-30 13:30:00+00:00,0.0037107468
2021-11-30 14:00:00+00:00,0.005133629
2021-11-30 14:30:00+00:00,0.00013828278
2021-11-30 15:00:00+00:00,0.0009431839
2021-11-30 15:30:00+00:00,0.011457443
2021-11-30 16:00:00+00:00,-0.031770706
2021-11-30 16:30:00+00:00,0.0010347366
2021-11-30 17:00:00+00:00,-0.008838654
2021-11-30 17:30:00+00:00,0.0047397614
2021-11-30 18:00:00+00:00,0.0054740906
2021-11-30 18:30:00+00:00,0.0022945404
2021-11-30 19:00:00+00:00,0.014427185
2021-11-30 19:30:00+00:00,-0.009509087
2021-11-30 20:00:00+00:00,-0.0024518967
2021-11-30 20:30:00+00:00,-0.003988266
2021-11-30 21:00:00+00:00,8.678436e-05
2021-11-30 21:30:00+00:00,-0.0022621155
2021-11-30 22:00:00+00:00,-0.0031747818
2021-11-30 22:30:00+00:00,0.0059633255
2021-11-30 23:00:00+00:00,-0.0030059814
2021-11-30 23:30:00+00:00,-0.00029563904
2021-12-01 00:00:00+00:00,-0.0054836273
2021-12-01 00:30:00+00:00,0.009940147
2021-12-01 01:00:00+00:00,0.0010938644
2021-12-01 01:30:00+00:00,-0.008140564
2021-12-01 02:00:00+00:00,-0.0018386841
2021-12-01 02:30:00+00:00,-0.0013217926
2021-12-01 03:00:00+00:00,0.0061922073
2021-12-01 03:30:00+00:00,-0.002840042
2021-12-01 04:00:00+00:00,0.004796028
2021-12-01 04:30:00+00:00,-0.0038309097
2021-12-01 05:00:00+00:00,-0.0017900467
2021-12-01 05:30:00+00:00,-0.0033340454
2021-12-01 06:00:00+00:00,-0.0017385483
2021-12-01 06:30:00+00:00,0.0025148392
2021-12-01 07:00:00+00:00,0.00034618378
2021-12-01 07:30:00+00:00,0.0034589767
2021-12-01 08:00:00+00:00,0.0005283356
2021-12-01 08:30:00+00:00,0.007819176
2021-12-01 09:00:00+00:00,-0.012168884
2021-12-01 09:30:00+00:00,0.00075626373
2021-12-01 10:00:00+00:00,0.0023593903
2021-12-01 10:30:00+00:00,-0.0008535385
2021-12-01 11:00:00+00:00,-0.0014915466
2021-12-01 11:30:00+00:00,-0.0020217896
2021-12-01 12:00:00+00:00,0.0052890778
2021-12-01 12:30:00+00:00,0.0013532639
2021-12-01 13:00:00+00:00,-0.0024032593
2021-12-01 13:30:00+00:00,0.004310608
2021-12-01 14:00:00+00:00,0.00527668
2021-12-01 14:30:00+00:00,0.014554024
2021-12-01 15:00:00+00:00,0.00094795227
2021-12-01 15:30:00+00:00,-0.00082683563
2021-12-01 16:00:00+00:00,0.0020427704
2021-12-01 16:30:00+00:00,0.0030927658
2021-12-01 17:00:00+00:00,-0.006052017
2021-12-01 17:30:00+00:00,-0.0016670227
2021-12-01 18:00:00+00:00,-0.005498886
2021-12-01 18:30:00+00:00,-0.0036497116
2021-12-01 19:00:00+00:00,-0.005634308
2021-12-01 19:30:00+00:00,-3.33786e-05
2021-12-01 20:00:00+00:00,-0.0007762909
2021-12-01 20:30:00+00:00,-0.008394241
2021-12-01 21:00:00+00:00,-0.002822876
2021-12-01 21:30:00+00:00,-0.0041475296
2021-12-01 22:00:00+00:00,0.007252693
2021-12-01 22:30:00+00:00,-0.0014390945
2021-12-01 23:00:00+00:00,0.0028686523
2021-12-01 23:30:00+00:00,0.0019330978
2021-12-02 00:00:00+00:00,9.250641e-05
2021-12-02 00:30:00+00:00,-0.0030879974
2021-12-02 01:00:00+00:00,0.00027179718
2021-12-02 01:30:00+00:00,0.005060196
2021-12-02 02:00:00+00:00,-0.0015497208
2021-12-02 02:30:00+00:00,-0.005408287
2021-12-02 03:00:00+00:00,0.0009813309
2021-12-02 03:30:00+00:00,-0.017951965
2021-12-02 04:00:00+00:00,0.006167412
2021-12-02 04:30:00+00:00,0.004743576
2021-12-02 05:00:00+00:00,-0.0017442703
2021-12-02 05:30:00+00:00,0.0060682297
2021-12-02 06:00:00+00:00,0.0014762878
2021-12-02 06:30:00+00:00,-0.0028390884
2021-12-02 07:00:00+00:00,-0.0014820099
2021-12-02 07:30:00+00:00,0.0037431717
2021-12-02 08:00:00+00:00,-0.001039505
2021-12-02 08:30:00+00:00,0.006002426
2021-12-02 09:00:00+00:00,-0.0036439896
2021-12-02 09:30:00+00:00,-0.0029153824
2021-12-02 10:00:00+00:00,-0.001405716
2021-12-02 10:30:00+00:00,-0.002863884
2021-12-02 11:00:00+00:00,0.00053310394
2021-12-02 11:30:00+00:00,-0.0025424957
2021-12-02 12:00:00+00:00,-0.001707077
2021-12-02 12:30:00+00:00,0.0018510818
2021-12-02 13:00:00+00:00,0.0016613007
2021-12-02 13:30:00+00:00,-0.007282257
2021-12-02 14:00:00+00:00,0.0060281754
2021-12-02 14:30:00+00:00,0.00041770935
2021-12-02 15:00:00+00:00,0.010642052
2021-12-02 15:30:00+00:00,-0.007941246
2021-12-02 16:00:00+00:00,-0.0020713806
2021-12-02 16:30:00+00:00,-0.0041799545
2021-12-02 17:00:00+00:00,0.0013036728
2021-12-02 17:30:00+00:00,0.0031604767
2021-12-02 18:00:00+00:00,0.0010719299
2021-12-02 18:30:00+00:00,-0.0068149567
2021-12-02 19:00:00+00:00,0.009139061
2021-12-02 19:30:00+00:00,0.00092697144
2021-12-02 20:00:00+00:00,-0.002603531
2021-12-02 20:30:00+00:00,0.0065670013
2021-12-02 21:00:00+00:00,0.000626564
2021-12-02 21:30:00+00:00,-0.0038862228
2021-12-02 22:00:00+00:00,0.0011816025
2021-12-02 22:30:00+00:00,-0.0025234222
2021-12-02 23:00:00+00:00,0.0020427704
2021-12-02 23:30:00+00:00,-0.0055885315
2021-12-03 00:00:00+00:00,-0.00083065033
2021-12-03 00:30:00+00:00,1.9073486e-06
2021-12-03 01:00:00+00:00,0.00045585632
2021-12-03 01:30:00+00:00,-2.4795532e-05
2021-12-03 02:00:00+00:00,-1.6212463e-05
2021-12-03 02:30:00+00:00,-0.001086235
2021-12-03 03:00:00+00:00,-0.0031909943
2021-12-03 03:30:00+00:00,0.00022315979
2021-12-03 04:00:00+00:00,0.00094795227
2021-12-03 04:30:00+00:00,0.0055217743
2021-12-03 05:00:00+00:00,-0.00078105927
2021-12-03 05:30:00+00:00,-0.0025129318
2021-12-03 06:00:00+00:00,0.0048618317
2021-12-03 06:30:00+00:00,0.0018892288
2021-12-03 07:00:00+00:00,0.0002641678
2021-12-03 07:30:00+00:00,0.00075626373
2021-12-03 08:00:00+00:00,-0.0026569366
2021-12-03 08:30:00+00:00,-0.003964424
2021-12-03 09:00:00+00:00,0.0012149811
2021-12-03 09:30:00+00:00,-0.0017414093
2021-12-03 10:00:00+00:00,0.005833626
2021-12-03 10:30:00+00:00,0.0015878677
2021-12-03 11:00:00+00:00,-0.0009660721
2021-12-03 11:30:00+00:00,0.0034894943
2021-12-03 12:00:00+00:00,-0.0013370514
2021-12-03 12:30:00+00:00,-0.0005683899
2021-12-03 13:00:00+00:00,-0.0023317337
2021-12-03 13:30:00+00:00,0.0020580292
2021-12-03 14:00:00+00:00,-0.00089645386
2021-12-03 14:30:00+00:00,-0.002796173
2021-12-03 15:00:00+00:00,-0.008142471
2021-12-03 15:30:00+00:00,0.0010900497
2021-12-03 16:00:00+00:00,-0.005763054
2021-12-03 16:30:00+00:00,-0.010334969
2021-12-03 17:00:00+00:00,-0.0072774887
2021-12-03 17:30:00+00:00,-0.0023641586
2021-12-03 18:00:00+00:00,0.001955986
2021-12-03 18:30:00+00:00,0.0005350113
2021-12-03 19:00:00+00:00,-0.002632141
2021-12-03 19:30:00+00:00,-0.009965897
2021-12-03 20:00:00+00:00,-0.008976936
2021-12-03 20:30:00+00:00,-0.015237808
2021-12-03 21:00:00+00:00,0.007221222
2021-12-03 21:30:00+00:00,0.0049991608
2021-12-03 22:00:00+00:00,-0.0020160675
2021-12-03 22:30:00+00:00,-0.0045194626
2021-12-03 23:00:00+00:00,0.000787735
2021-12-03 23:30:00+00:00,0.003121376
2021-12-04 00:00:00+00:00,0.00057697296
2021-12-04 00:30:00+00:00,-0.0018644333
2021-12-04 01:00:00+00:00,-0.008579254
2021-12-04 01:30:00+00:00,-0.0014715195
2021-12-04 02:00:00+00:00,0.00053215027
2021-12-04 02:30:00+00:00,-0.0038785934
2021-12-04 03:00:00+00:00,0.0062036514
2021-12-04 03:30:00+00:00,-0.011918068
2021-12-04 04:00:00+00:00,-0.009478569
2021-12-04 04:30:00+00:00,0.0062417984
2021-12-04 05:00:00+00:00,-0.039977074
2021-12-04 05:30:00+00:00,-0.0996027
2021-12-04 06:00:00+00:00,0.043117523
2021-12-04 06:30:00+00:00,0.0030822754
2021-12-04 07:00:00+00:00,-0.0039930344
2021-12-04 07:30:00+00:00,0.0010576248
2021-12-04 08:00:00+00:00,-0.0059633255
2021-12-04 08:30:00+00:00,0.009719849
2021-12-04 09:00:00+00:00,-0.0051460266
2021-12-04 09:30:00+00:00,-0.0032606125
2021-12-04 10:00:00+00:00,0.0031719208
2021-12-04 10:30:00+00:00,-0.0037107468
2021-12-04 11:00:00+00:00,0.0013723373
2021-12-04 11:30:00+00:00,-0.009461403
2021-12-04 12:00:00+00:00,-0.008872986
2021-12-04 12:30:00+00:00,0.015919685
2021-12-04 13:00:00+00:00,-0.0040006638
2021-12-04 13:30:00+00:00,0.0014390945
2021-12-04 14:00:00+00:00,0.005200386
2021-12-04 14:30:00+00:00,0.0012340546
2021-12-04 15:00:00+00:00,0.0078115463
2021-12-04 15:30:00+00:00,0.008984566
2021-12-04 16:00:00+00:00,-0.0011119843
2021-12-04 16:30:00+00:00,0.0018196106
2021-12-04 17:00:00+00:00,-0.008995056
2021-12-04 17:30:00+00:00,0.0020542145
2021-12-04 18:00:00+00:00,0.006006241
2021-12-04 18:30:00+00:00,0.0053596497
2021-12-04 19:00:00+00:00,0.007715225
2021-12-04 19:30:00+00:00,0.007160187
2021-12-04 20:00:00+00:00,0.0011529922
2021-12-04 20:30:00+00:00,0.0031576157
2021-12-04 21:00:00+00:00,-0.0034122467
2021-12-04 21:30:00+00:00,-0.0063467026
2021-12-04 22:00:00+00:00,-0.0047922134
2021-12-04 22:30:00+00:00,0.00057697296
2021-12-04 23:00:00+00:00,0.009628296
2021-12-04 23:30:00+00:00,-0.0018539429
2021-12-05 00:00:00+00:00,0.0007839203
2021-12-05 00:30:00+00:00,0.0020599365
2021-12-05 01:00:00+00:00,-0.0061597824
2021-12-05 01:30:00+00:00,-0.0038032532
2021-12-05 02:00:00+00:00,0.0054340363
2021-12-05 02:30:00+00:00,-0.0009422302
2021-12-05 03:00:00+00:00,0.0016212463
2021-12-05 03:30:00+00:00,0.0012645721
2021-12-05 04:00:00+00:00,0.0010204315
2021-12-05 04:30:00+00:00,-0.0038394928
2021-12-05 05:00:00+00:00,-0.0007429123
2021-12-05 05:30:00+00:00,0.0027503967
2021-12-05 06:00:00+00:00,0.0068302155
2021-12-05 06:30:00+00:00,0.0012216568
2021-12-05 07:00:00+00:00,-0.0006389618
2021-12-05 07:30:00+00:00,0.0010881424
2021-12-05 08:00:00+00:00,-0.0044908524
2021-12-05 08:30:00+00:00,0.0010318756
2021-12-05 09:00:00+00:00,0.0024843216
2021-12-05 09:30:00+00:00,-0.008259773
2021-12-05 10:00:00+00:00,-0.0010671616
2021-12-05 10:30:00+00:00,0.0057144165
2021-12-05 11:00:00+00:00,-0.0011587143
2021-12-05 11:30:00+00:00,0.0024604797
2021-12-05 12:00:00+00:00,-0.0023441315
2021-12-05 12:30:00+00:00,0.004579544
2021-12-05 13:00:00+00:00,-0.0017843246
2021-12-05 13:30:00+00:00,-0.0036363602
2021-12-05 14:00:00+00:00,0.0020713806
2021-12-05 14:30:00+00:00,-0.0064516068
2021-12-05 15:00:00+00:00,-0.0007972717
2021-12-05 15:30:00+00:00,-0.009613037
2021-12-05 16:00:00+00:00,-0.010225296
2021-12-05 16:30:00+00:00,0.0069904327
2021-12-05 17:00:00+00:00,0.003832817
2021-12-05 17:30:00+00:00,0.01124382
2021-12-05 18:00:00+00:00,0.004600525
2021-12-05 18:30:00+00:00,-0.0022382736
2021-12-05 19:00:00+00:00,-0.0011425018
2021-12-05 19:30:00+00:00,-0.010335922
2021-12-05 20:00:00+00:00,0.0064086914
2021-12-05 20:30:00+00:00,-0.0072155
2021-12-05 21:00:00+00:00,0.005247116
2021-12-05 21:30:00+00:00,0.00157547
2021-12-05 22:00:00+00:00,0.005343437
2021-12-05 22:30:00+00:00,0.0008802414
2021-12-05 23:00:00+00:00,0.0003976822
2021-12-05 23:30:00+00:00,-0.00020122528
2021-12-06 00:00:00+00:00,0.003827095
2021-12-06 00:30:00+00:00,-0.013851166
2021-12-06 01:00:00+00:00,0.000910759
2021-12-06 01:30:00+00:00,-0.005657196
2021-12-06 02:00:00+00:00,0.0069742203
2021-12-06 02:30:00+00:00,0.0008983612
2021-12-06 03:00:00+00:00,0.00034236908
2021-12-06 03:30:00+00:00,0.0025978088
2021-12-06 04:00:00+00:00,0.00016498566
2021-12-06 04:30:00+00:00,0.0029392242
2021-12-06 05:00:00+00:00,-0.0037431717
2021-12-06 05:30:00+00:00,-0.0010414124
2021-12-06 06:00:00+00:00,-0.005015373
2021-12-06 06:30:00+00:00,0.0001783371
2021-12-06 07:00:00+00:00,-0.01050663
2021-12-06 07:30:00+00:00,-0.0072374344
2021-12-06 08:00:00+00:00,0.011943817
2021-12-06 08:30:00+00:00,-0.0042696
2021-12-06 09:00:00+00:00,-0.0005168915
2021-12-06 09:30:00+00:00,-0.0018291473
2021-12-06 10:00:00+00:00,-0.0132808685
2021-12-06 10:30:00+00:00,0.0012645721
2021-12-06 11:00:00+00:00,-0.000330925
2021-12-06 11:30:00+00:00,-0.0005645752
2021-12-06 12:00:00+00:00,0.023201942
2021-12-06 12:30:00+00:00,0.0010604858
2021-12-06 13:00:00+00:00,-0.0029973984
2021-12-06 13:30:00+00:00,-0.0025691986
2021-12-06 14:00:00+00:00,-0.00080013275
2021-12-06 14:30:00+00:00,0.0015830994
2021-12-06 15:00:00+00:00,-0.0037155151
2021-12-06 15:30:00+00:00,0.011710167
2021-12-06 16:00:00+00:00,0.0029096603
2021-12-06 16:30:00+00:00,-0.0011777878
2021-12-06 17:00:00+00:00,0.005065918
2021-12-06 17:30:00+00:00,0.0016031265
2021-12-06 18:00:00+00:00,-0.0049180984
2021-12-06 18:30:00+00:00,0.00013542175
2021-12-06 19:00:00+00:00,0.0041179657
2021-12-06 19:30:00+00:00,0.0016298294
2021-12-06 20:00:00+00:00,-0.002922058
2021-12-06 20:30:00+00:00,0.00061035156
2021-12-06 21:00:00+00:00,-0.00609684
2021-12-06 21:30:00+00:00,0.0057086945
2021-12-06 22:00:00+00:00,0.019314766
2021-12-06 22:30:00+00:00,0.008166313
2021-12-06 23:00:00+00:00,0.005045891
2021-12-06 23:30:00+00:00,-0.0070228577
2021-12-07 00:00:00+00:00,0.0009908676
2021-12-07 00:30:00+00:00,0.0031471252
2021-12-07 01:00:00+00:00,0.000579834
2021-12-07 01:30:00+00:00,0.0020399094
2021-12-07 02:00:00+00:00,-0.0023756027
2021-12-07 02:30:00+00:00,0.0039405823
2021-12-07 03:00:00+00:00,-0.0035715103
2021-12-07 03:30:00+00:00,0.0033426285
2021-12-07 04:00:00+00:00,0.002711296
2021-12-07 04:30:00+00:00,0.004384041
2021-12-07 05:00:00+00:00,-0.0052108765
2021-12-07 05:30:00+00:00,0.0021295547
2021-12-07 06:00:00+00:00,-0.002667427
2021-12-07 06:30:00+00:00,0.005019188
2021-12-07 07:00:00+00:00,0.00042819977
2021-12-07 07:30:00+00:00,-0.0032072067
2021-12-07 08:00:00+00:00,-0.001502037
2021-12-07 08:30:00+00:00,0.0030965805
2021-12-07 09:00:00+00:00,0.0027589798
2021-12-07 09:30:00+00:00,0.002254486
2021-12-07 10:00:00+00:00,-0.0012769699
2021-12-07 10:30:00+00:00,-0.0015478134
2021-12-07 11:00:00+00:00,0.002708435
2021-12-07 11:30:00+00:00,0.0011968613
2021-12-07 12:00:00+00:00,0.0014266968
2021-12-07 12:30:00+00:00,-0.009102821
2021-12-07 13:00:00+00:00,-0.0011978149
2021-12-07 13:30:00+00:00,-0.001080513
2021-12-07 14:00:00+00:00,0.0009384155
2021-12-07 14:30:00+00:00,0.0003414154
2021-12-07 15:00:00+00:00,0.010149002
2021-12-07 15:30:00+00:00,-0.0007944107
2021-12-07 16:00:00+00:00,0.0063352585
2021-12-07 16:30:00+00:00,-0.0029773712
2021-12-07 17:00:00+00:00,-0.0045690536
2021-12-07 17:30:00+00:00,-0.0061979294
2021-12-07 18:00:00+00:00,-0.0006990433
2021-12-07 18:30:00+00:00,0.0018577576
2021-12-07 19:00:00+00:00,-0.0029153824
2021-12-07 19:30:00+00:00,0.0025691986
2021-12-07 20:00:00+00:00,-0.0034589767
2021-12-07 20:30:00+00:00,-0.0076999664
2021-12-07 21:00:00+00:00,-0.0009460449
2021-12-07 21:30:00+00:00,0.004986763
2021-12-07 22:00:00+00:00,-0.0040006638
2021-12-07 22:30:00+00:00,-0.0035676956
2021-12-07 23:00:00+00:00,-0.001458168
2021-12-07 23:30:00+00:00,0.0027475357
2021-12-08 00:00:00+00:00,0.0039548874
2021-12-08 00:30:00+00:00,-0.0015916824
2021-12-08 01:00:00+00:00,0.0045547485
2021-12-08 01:30:00+00:00,-0.0014514923
2021-12-08 02:00:00+00:00,-0.0044317245
2021-12-08 02:30:00+00:00,0.0045804977
2021-12-08 03:00:00+00:00,-0.0064783096
2021-12-08 03:30:00+00:00,-2.9563904e-05
2021-12-08 04:00:00+00:00,-0.004211426
2021-12-08 04:30:00+00:00,0.0014276505
2021-12-08 05:00:00+00:00,0.0010271072
2021-12-08 05:30:00+00:00,0.005045891
2021-12-08 06:00:00+00:00,-0.0018777847
2021-12-08 06:30:00+00:00,0.0042877197
2021-12-08 07:00:00+00:00,-0.0003414154
2021-12-08 07:30:00+00:00,-0.0016670227
2021-12-08 08:00:00+00:00,-0.0005683899
2021-12-08 08:30:00+00:00,-0.0028429031
2021-12-08 09:00:00+00:00,0.0012960434
2021-12-08 09:30:00+00:00,-0.0015277863
2021-12-08 10:00:00+00:00,-0.0041208267
2021-12-08 10:30:00+00:00,0.0013551712
2021-12-08 11:00:00+00:00,-0.019373894
2021-12-08 11:30:00+00:00,-0.0030670166
2021-12-08 12:00:00+00:00,0.0020046234
2021-12-08 12:30:00+00:00,-0.0070381165
2021-12-08 13:00:00+00:00,0.007839203
2021-12-08 13:30:00+00:00,-0.0025405884
2021-12-08 14:00:00+00:00,-0.0012245178
2021-12-08 14:30:00+00:00,0.025395393
2021-12-08 15:00:00+00:00,0.008245468
2021-12-08 15:30:00+00:00,0.0010576248
2021-12-08 16:00:00+00:00,-0.0027647018
2021-12-08 16:30:00+00:00,-0.002494812
2021-12-08 17:00:00+00:00,-0.001156807
2021-12-08 17:30:00+00:00,-0.00049591064
2021-12-08 18:00:00+00:00,-0.0028934479
2021-12-08 18:30:00+00:00,0.002981186
2021-12-08 19:00:00+00:00,0.0021181107
2021-12-08 19:30:00+00:00,0.0022144318
2021-12-08 20:00:00+00:00,-0.0044145584
2021-12-08 20:30:00+00:00,0.0021333694
2021-12-08 21:00:00+00:00,0.00283432
2021-12-08 21:30:00+00:00,-0.0018701553
2021-12-08 22:00:00+00:00,0.00012779236
2021-12-08 22:30:00+00:00,0.0013399124
2021-12-08 23:00:00+00:00,-0.00858593
2021-12-08 23:30:00+00:00,0.0042476654
2021-12-09 00:00:00+00:00,0.00053977966
2021-12-09 00:30:00+00:00,-5.340576e-05
2021-12-09 01:00:00+00:00,-0.0012893677
2021-12-09 01:30:00+00:00,-0.00037288666
2021-12-09 02:00:00+00:00,-0.0038557053
2021-12-09 02:30:00+00:00,-0.0066919327
2021-12-09 03:00:00+00:00,0.000541687
2021-12-09 03:30:00+00:00,-0.0007133484
2021-12-09 04:00:00+00:00,-0.006539345
2021-12-09 04:30:00+00:00,0.004020691
2021-12-09 05:00:00+00:00,0.0018558502
2021-12-09 05:30:00+00:00,-0.0018453598
2021-12-09 06:00:00+00:00,0.0008468628
2021-12-09 06:30:00+00:00,-0.001326561
2021-12-09 07:00:00+00:00,-0.0015611649
2021-12-09 07:30:00+00:00,-0.00091457367
2021-12-09 08:00:00+00:00,0.00858593
2021-12-09 08:30:00+00:00,-0.007930756
2021-12-09 09:00:00+00:00,-0.0019960403
2021-12-09 09:30:00+00:00,-0.0038690567
2021-12-09 10:00:00+00:00,-0.0023651123
2021-12-09 10:30:00+00:00,-0.0040693283
2021-12-09 11:00:00+00:00,0.0062036514
2021-12-09 11:30:00+00:00,-0.0025835037
2021-12-09 12:00:00+00:00,-0.0002937317
2021-12-09 12:30:00+00:00,0.0018577576
2021-12-09 13:00:00+00:00,0.002863884
2021-12-09 13:30:00+00:00,-0.0047216415
2021-12-09 14:00:00+00:00,0.0034742355
2021-12-09 14:30:00+00:00,-0.005642891
2021-12-09 15:00:00+00:00,-0.0097026825
2021-12-09 15:30:00+00:00,-0.007630348
2021-12-09 16:00:00+00:00,0.005259514
2021-12-09 16:30:00+00:00,0.0017623901
2021-12-09 17:00:00+00:00,-0.00081157684
2021-12-09 17:30:00+00:00,0.0013217926
2021-12-09 18:00:00+00:00,-0.007984161
2021-12-09 18:30:00+00:00,-0.0064439774
2021-12-09 19:00:00+00:00,-0.002503395
2021-12-09 19:30:00+00:00,0.000664711
2021-12-09 20:00:00+00:00,-0.0033979416
2021-12-09 20:30:00+00:00,-0.0020666122
2021-12-09 21:00:00+00:00,0.003522873
2021-12-09 21:30:00+00:00,0.0037355423
2021-12-09 22:00:00+00:00,0.001871109
2021-12-09 22:30:00+00:00,0.0035619736
2021-12-09 23:00:00+00:00,-0.004125595
2021-12-09 23:30:00+00:00,0.0029611588
2021-12-10 00:00:00+00:00,-0.011137009
2021-12-10 00:30:00+00:00,0.00907135
2021-12-10 01:00:00+00:00,0.0007095337
2021-12-10 01:30:00+00:00,0.00936985
2021-12-10 02:00:00+00:00,-0.0013914108
2021-12-10 02:30:00+00:00,0.0016565323
2021-12-10 03:00:00+00:00,0.0007753372
2021-12-10 03:30:00+00:00,-0.0028362274
2021-12-10 04:00:00+00:00,-0.00047969818
2021-12-10 04:30:00+00:00,0.0018901825
2021-12-10 05:00:00+00:00,-0.005908966
2021-12-10 05:30:00+00:00,0.0001487732
2021-12-10 06:00:00+00:00,0.001619339
2021-12-10 06:30:00+00:00,-0.0017690659
2021-12-10 07:00:00+00:00,-0.0065345764
2021-12-10 07:30:00+00:00,0.0021848679
2021-12-10 08:00:00+00:00,-0.0054483414
2021-12-10 08:30:00+00:00,0.0055351257
2021-12-10 09:00:00+00:00,0.0025501251
2021-12-10 09:30:00+00:00,-0.0035886765
2021-12-10 10:00:00+00:00,0.009233475
2021-12-10 10:30:00+00:00,-0.0021505356
2021-12-10 11:00:00+00:00,-0.00095272064
2021-12-10 11:30:00+00:00,0.0042362213
2021-12-10 12:00:00+00:00,0.0061388016
2021-12-10 12:30:00+00:00,0.0041942596
2021-12-10 13:00:00+00:00,0.0033073425
2021-12-10 13:30:00+00:00,-0.0034885406
2021-12-10 14:00:00+00:00,0.0141506195
2021-12-10 14:30:00+00:00,-0.0023488998
2021-12-10 15:00:00+00:00,-0.024634361
2021-12-10 15:30:00+00:00,0.0019435883
2021-12-10 16:00:00+00:00,-0.008102417
2021-12-10 16:30:00+00:00,-0.006378174
2021-12-10 17:00:00+00:00,-0.0031061172
2021-12-10 17:30:00+00:00,-0.0024814606
2021-12-10 18:00:00+00:00,0.0061454773
2021-12-10 18:30:00+00:00,0.0069389343
2021-12-10 19:00:00+00:00,-0.004343033
2021-12-10 19:30:00+00:00,0.0032720566
2021-12-10 20:00:00+00:00,0.0026159286
2021-12-10 20:30:00+00:00,0.003931999
2021-12-10 21:00:00+00:00,0.0029277802
2021-12-10 21:30:00+00:00,-0.003326416
2021-12-10 22:00:00+00:00,-0.007375717
2021-12-10 22:30:00+00:00,-0.0010309219
2021-12-10 23:00:00+00:00,-0.0071983337
2021-12-10 23:30:00+00:00,0.0021238327
2021-12-11 00:00:00+00:00,-0.010318756
2021-12-11 00:30:00+00:00,0.0223732
2021-12-11 01:00:00+00:00,-0.009624481
2021-12-11 01:30:00+00:00,0.00582695
2021-12-11 02:00:00+00:00,-0.0022220612
2021-12-11 02:30:00+00:00,0.0036764145
2021-12-11 03:00:00+00:00,0.0033216476
2021-12-11 03:30:00+00:00,0.0036296844
2021-12-11 04:00:00+00:00,-0.002664566
2021-12-11 04:30:00+00:00,0.0006904602
2021-12-11 05:00:00+00:00,0.0039024353
2021-12-11 05:30:00+00:00,-0.000910759
2021-12-11 06:00:00+00:00,-0.0033893585
2021-12-11 06:30:00+00:00,0.00061416626
2021-12-11 07:00:00+00:00,-0.006260872
2021-12-11 07:30:00+00:00,-0.0014305115
2021-12-11 08:00:00+00:00,0.0010166168
2021-12-11 08:30:00+00:00,0.01693058
2021-12-11 09:00:00+00:00,-0.009246826
2021-12-11 09:30:00+00:00,0.0006341934
2021-12-11 10:00:00+00:00,0.001982689
2021-12-11 10:30:00+00:00,-0.0018806458
2021-12-11 11:00:00+00:00,-0.0009403229
2021-12-11 11:30:00+00:00,-0.0030384064
2021-12-11 12:00:00+00:00,-0.00021362305
2021-12-11 12:30:00+00:00,0.0051984787
2021-12-11 13:00:00+00:00,0.00043582916
2021-12-11 13:30:00+00:00,-0.0012245178
2021-12-11 14:00:00+00:00,-0.00182724
2021-12-11 14:30:00+00:00,-0.0012712479
2021-12-11 15:00:00+00:00,0.0034389496
2021-12-11 15:30:00+00:00,0.0014009476
2021-12-11 16:00:00+00:00,0.004333496
2021-12-11 16:30:00+00:00,0.008211136
2021-12-11 17:00:00+00:00,-0.0030155182
2021-12-11 17:30:00+00:00,-0.0010957718
2021-12-11 18:00:00+00:00,-0.004869461
2021-12-11 18:30:00+00:00,-0.0017929077
2021-12-11 19:00:00+00:00,0.0011339188
2021-12-11 19:30:00+00:00,0.0005912781
2021-12-11 20:00:00+00:00,-0.005968094
2021-12-11 20:30:00+00:00,0.0029239655
2021-12-11 21:00:00+00:00,0.00035953522
2021-12-11 21:30:00+00:00,-0.0006046295
2021-12-11 22:00:00+00:00,0.0048065186
2021-12-11 22:30:00+00:00,-0.00066280365
2021-12-11 23:00:00+00:00,0.0016355515
2021-12-11 23:30:00+00:00,0.0107450485
2021-12-12 00:00:00+00:00,0.0008659363
2021-12-12 00:30:00+00:00,0.00381279
2021-12-12 01:00:00+00:00,-0.0052633286
2021-12-12 01:30:00+00:00,-0.0018959045
2021-12-12 02:00:00+00:00,-0.0010871887
2021-12-12 02:30:00+00:00,0.0005598068
2021-12-12 03:00:00+00:00,-0.0030517578
2021-12-12 03:30:00+00:00,0.002272606
2021-12-12 04:00:00+00:00,0.0025835037
2021-12-12 04:30:00+00:00,-0.0018978119
2021-12-12 05:00:00+00:00,-0.006819725
2021-12-12 05:30:00+00:00,0.0015268326
2021-12-12 06:00:00+00:00,0.0008506775
2021-12-12 06:30:00+00:00,0.00042152405
2021-12-12 07:00:00+00:00,0.003238678
2021-12-12 07:30:00+00:00,0.0025568008
2021-12-12 08:00:00+00:00,6.389618e-05
2021-12-12 08:30:00+00:00,-0.0024757385
2021-12-12 09:00:00+00:00,-0.004119873
2021-12-12 09:30:00+00:00,0.0018625259
2021-12-12 10:00:00+00:00,-0.004876137
2021-12-12 10:30:00+00:00,0.001247406
2021-12-12 11:00:00+00:00,0.00089645386
2021-12-12 11:30:00+00:00,0.0017671585
2021-12-12 12:00:00+00:00,0.0021953583
2021-12-12 12:30:00+00:00,0.008805275
2021-12-12 13:00:00+00:00,-0.0007686615
2021-12-12 13:30:00+00:00,0.001291275
2021-12-12 14:00:00+00:00,0.0043239594
2021-12-12 14:30:00+00:00,-0.0022611618
2021-12-12 15:00:00+00:00,0.0034093857
2021-12-12 15:30:00+00:00,-0.0017795563
2021-12-12 16:00:00+00:00,-0.0027780533
2021-12-12 16:30:00+00:00,0.0015125275
2021-12-12 17:00:00+00:00,0.0034837723
2021-12-12 17:30:00+00:00,0.004790306
2021-12-12 18:00:00+00:00,0.0027151108
2021-12-12 18:30:00+00:00,0.0053653717
2021-12-12 19:00:00+00:00,-0.00082683563
2021-12-12 19:30:00+00:00,-0.003911972
2021-12-12 20:00:00+00:00,-0.001001358
2021-12-12 20:30:00+00:00,0.005428314
2021-12-12 21:00:00+00:00,-0.0044002533
2021-12-12 21:30:00+00:00,-0.0009250641
2021-12-12 22:00:00+00:00,-0.005338669
2021-12-12 22:30:00+00:00,0.0009202957
2021-12-12 23:00:00+00:00,0.0052747726
2021-12-12 23:30:00+00:00,-0.00076007843
2021-12-13 00:00:00+00:00,-0.0033435822
2021-12-13 00:30:00+00:00,-0.0023202896
2021-12-13 01:00:00+00:00,-0.006228447
2021-12-13 01:30:00+00:00,-0.013056755
2021-12-13 02:00:00+00:00,-0.008331299
2021-12-13 02:30:00+00:00,0.002863884
2021-12-13 03:00:00+00:00,0.0007457733
2021-12-13 03:30:00+00:00,0.0023908615
2021-12-13 04:00:00+00:00,-0.00041103363
2021-12-13 04:30:00+00:00,0.0016107559
2021-12-13 05:00:00+00:00,0.0016183853
2021-12-13 05:30:00+00:00,-0.0018920898
2021-12-13 06:00:00+00:00,0.006170273
2021-12-13 06:30:00+00:00,-0.0031881332
2021-12-13 07:00:00+00:00,-0.002907753
2021-12-13 07:30:00+00:00,-0.0024967194
2021-12-13 08:00:00+00:00,-0.001414299
2021-12-13 08:30:00+00:00,0.0028867722
2021-12-13 09:00:00+00:00,0.002500534
2021-12-13 09:30:00+00:00,-0.0036039352
2021-12-13 10:00:00+00:00,0.0005455017
2021-12-13 10:30:00+00:00,-0.0037927628
2021-12-13 11:00:00+00:00,0.00041675568
2021-12-13 11:30:00+00:00,0.00050354004
2021-12-13 12:00:00+00:00,0.0024738312
2021-12-13 12:30:00+00:00,0.001083374
2021-12-13 13:00:00+00:00,-0.0061216354
2021-12-13 13:30:00+00:00,-0.004463196
2021-12-13 14:00:00+00:00,0.0010766983
2021-12-13 14:30:00+00:00,-0.009990692
2021-12-13 15:00:00+00:00,0.00015163422
2021-12-13 15:30:00+00:00,-0.009031296
2021-12-13 16:00:00+00:00,-0.0057296753
2021-12-13 16:30:00+00:00,-0.0038824081
2021-12-13 17:00:00+00:00,0.0018062592
2021-12-13 17:30:00+00:00,0.007068634
2021-12-13 18:00:00+00:00,0.0003566742
2021-12-13 18:30:00+00:00,-0.0007162094
2021-12-13 19:00:00+00:00,-0.0021476746
2021-12-13 19:30:00+00:00,-0.021141052
2021-12-13 20:00:00+00:00,0.004924774
2021-12-13 20:30:00+00:00,0.002623558
2021-12-13 21:00:00+00:00,-0.001953125
2021-12-13 21:30:00+00:00,-0.002286911
2021-12-13 22:00:00+00:00,0.005329132
2021-12-13 22:30:00+00:00,0.00587368
2021-12-13 23:00:00+00:00,-0.0037174225
2021-12-13 23:30:00+00:00,-0.0017690659
2021-12-14 00:00:00+00:00,-0.002275467
2021-12-14 00:30:00+00:00,0.0018596649
2021-12-14 01:00:00+00:00,0.00433445
2021-12-14 01:30:00+00:00,-0.003077507
2021-12-14 02:00:00+00:00,0.000626564
2021-12-14 02:30:00+00:00,-0.0023708344
2021-12-14 03:00:00+00:00,0.0055418015
2021-12-14 03:30:00+00:00,0.0002527237
2021-12-14 04:00:00+00:00,-0.0016698837
2021-12-14 04:30:00+00:00,0.0026216507
2021-12-14 05:00:00+00:00,-0.002073288
2021-12-14 05:30:00+00:00,0.000787735
2021-12-14 06:00:00+00:00,-0.006875038
2021-12-14 06:30:00+00:00,-0.0041866302
2021-12-14 07:00:00+00:00,0.0037345886
2021-12-14 07:30:00+00:00,0.0007953644
2021-12-14 08:00:00+00:00,0.00614357
2021-12-14 08:30:00+00:00,0.0030155182
2021-12-14 09:00:00+00:00,0.0065231323
2021-12-14 09:30:00+00:00,-0.0036144257
2021-12-14 10:00:00+00:00,-0.009364128
2021-12-14 10:30:00+00:00,0.0034341812
2021-12-14 11:00:00+00:00,0.0070943832
2021-12-14 11:30:00+00:00,-0.0006933212
2021-12-14 12:00:00+00:00,0.0066776276
2021-12-14 12:30:00+00:00,0.0025177002
2021-12-14 13:00:00+00:00,-0.0049114227
2021-12-14 13:30:00+00:00,-0.0019197464
2021-12-14 14:00:00+00:00,-0.0050935745
2021-12-14 14:30:00+00:00,-0.00507164
2021-12-14 15:00:00+00:00,0.007368088
2021-12-14 15:30:00+00:00,0.0037708282
2021-12-14 16:00:00+00:00,-0.012909889
2021-12-14 16:30:00+00:00,0.0019302368
2021-12-14 17:00:00+00:00,-0.004224777
2021-12-14 17:30:00+00:00,0.0068540573
2021-12-14 18:00:00+00:00,-0.009239197
2021-12-14 18:30:00+00:00,0.004351616
2021-12-14 19:00:00+00:00,-0.0038051605
2021-12-14 19:30:00+00:00,0.0071897507
2021-12-14 20:00:00+00:00,-0.0028162003
2021-12-14 20:30:00+00:00,0.007019043
2021-12-14 21:00:00+00:00,0.012612343
2021-12-14 21:30:00+00:00,0.010495186
2021-12-14 22:00:00+00:00,9.1552734e-05
2021-12-14 22:30:00+00:00,-0.003036499
2021-12-14 23:00:00+00:00,0.0024309158
2021-12-14 23:30:00+00:00,-0.0014915466
2021-12-15 00:00:00+00:00,0.0028095245
2021-12-15 00:30:00+00:00,0.0030241013
2021-12-15 01:00:00+00:00,-0.006755829
2021-12-15 01:30:00+00:00,-0.00085163116
2021-12-15 02:00:00+00:00,-0.0006465912
2021-12-15 02:30:00+00:00,-0.0030755997
2021-12-15 03:00:00+00:00,0.001502037
2021-12-15 03:30:00+00:00,0.0019979477
2021-12-15 04:00:00+00:00,0.0034513474
2021-12-15 04:30:00+00:00,0.002480507
2021-12-15 05:00:00+00:00,-0.003186226
2021-12-15 05:30:00+00:00,-0.0027828217
2021-12-15 06:00:00+00:00,0.0005607605
2021-12-15 06:30:00+00:00,0.002825737
2021-12-15 07:00:00+00:00,-0.004053116
2021-12-15 07:30:00+00:00,0.0016613007
2021-12-15 08:00:00+00:00,0.0014533997
2021-12-15 08:30:00+00:00,0.0056762695
2021-12-15 09:00:00+00:00,0.0017738342
2021-12-15 09:30:00+00:00,-0.002131462
2021-12-15 10:00:00+00:00,0.00070858
2021-12-15 10:30:00+00:00,-0.0028591156
2021-12-15 11:00:00+00:00,-0.0021800995
2021-12-15 11:30:00+00:00,-0.002866745
2021-12-15 12:00:00+00:00,0.00053310394
2021-12-15 12:30:00+00:00,0.0022821426
2021-12-15 13:00:00+00:00,-0.013653755
2021-12-15 13:30:00+00:00,0.0006570816
2021-12-15 14:00:00+00:00,0.00053310394
2021-12-15 14:30:00+00:00,0.0008878708
2021-12-15 15:00:00+00:00,-0.0068416595
2021-12-15 15:30:00+00:00,-0.008634567
2021-12-15 16:00:00+00:00,-0.0073013306
2021-12-15 16:30:00+00:00,0.007041931
2021-12-15 17:00:00+00:00,0.00086021423
2021-12-15 17:30:00+00:00,0.000664711
2021-12-15 18:00:00+00:00,0.0011672974
2021-12-15 18:30:00+00:00,0.0042238235
2021-12-15 19:00:00+00:00,0.011334419
2021-12-15 19:30:00+00:00,0.005297661
2021-12-15 20:00:00+00:00,0.012342453
2021-12-15 20:30:00+00:00,0.011912346
2021-12-15 21:00:00+00:00,-0.0011901855
2021-12-15 21:30:00+00:00,-0.0012102127
2021-12-15 22:00:00+00:00,0.00057792664
2021-12-15 22:30:00+00:00,-0.0059928894
2021-12-15 23:00:00+00:00,-0.0023021698
2021-12-15 23:30:00+00:00,0.0012998581
2021-12-16 00:00:00+00:00,0.001203537
2021-12-16 00:30:00+00:00,0.0028533936
2021-12-16 01:00:00+00:00,0.0007686615
2021-12-16 01:30:00+00:00,-0.0027008057
2021-12-16 02:00:00+00:00,0.0023841858
2021-12-16 02:30:00+00:00,-0.0013961792
2021-12-16 03:00:00+00:00,0.000910759
2021-12-16 03:30:00+00:00,-0.004302025
2021-12-16 04:00:00+00:00,0.0004787445
2021-12-16 04:30:00+00:00,-0.0020532608
2021-12-16 05:00:00+00:00,0.0005187988
2021-12-16 05:30:00+00:00,-0.0008049011
2021-12-16 06:00:00+00:00,-0.003853798
2021-12-16 06:30:00+00:00,0.004389763
2021-12-16 07:00:00+00:00,0.0031223297
2021-12-16 07:30:00+00:00,0.0013532639
2021-12-16 08:00:00+00:00,-0.004790306
2021-12-16 08:30:00+00:00,-0.00036525726
2021-12-16 09:00:00+00:00,0.0013465881
2021-12-16 09:30:00+00:00,0.0019254684
2021-12-16 10:00:00+00:00,0.0019350052
2021-12-16 10:30:00+00:00,0.002333641
2021-12-16 11:00:00+00:00,0.0014047623
2021-12-16 11:30:00+00:00,-0.0027093887
2021-12-16 12:00:00+00:00,0.0039310455
2021-12-16 12:30:00+00:00,-0.0025510788
2021-12-16 13:00:00+00:00,-0.007689476
2021-12-16 13:30:00+00:00,0.0020570755
2021-12-16 14:00:00+00:00,0.004286766
2021-12-16 14:30:00+00:00,-0.0052547455
2021-12-16 15:00:00+00:00,-0.0042495728
2021-12-16 15:30:00+00:00,0.0016860962
2021-12-16 16:00:00+00:00,-0.00082683563
2021-12-16 16:30:00+00:00,-0.0019845963
2021-12-16 17:00:00+00:00,0.00030231476
2021-12-16 17:30:00+00:00,-0.007074356
2021-12-16 18:00:00+00:00,-0.0013999939
2021-12-16 18:30:00+00:00,0.0026187897
2021-12-16 19:00:00+00:00,-0.0047779083
2021-12-16 19:30:00+00:00,-0.003970146
2021-12-16 20:00:00+00:00,0.0016231537
2021-12-16 20:30:00+00:00,0.009218216
2021-12-16 21:00:00+00:00,-0.008060455
2021-12-16 21:30:00+00:00,0.0035581589
2021-12-16 22:00:00+00:00,-0.00029087067
2021-12-16 22:30:00+00:00,-0.007846832
2021-12-16 23:00:00+00:00,0.0021219254
2021-12-16 23:30:00+00:00,-0.0021123886
2021-12-17 00:00:00+00:00,-0.0017929077
2021-12-17 00:30:00+00:00,0.0026950836
2021-12-17 01:00:00+00:00,0.0005979538
2021-12-17 01:30:00+00:00,0.0005187988
2021-12-17 02:00:00+00:00,0.00056266785
2021-12-17 02:30:00+00:00,-0.0021953583
2021-12-17 03:00:00+00:00,0.0015058517
2021-12-17 03:30:00+00:00,-0.0012874603
2021-12-17 04:00:00+00:00,0.00039291382
2021-12-17 04:30:00+00:00,0.00025463104
2021-12-17 05:00:00+00:00,0.0027227402
2021-12-17 05:30:00+00:00,-0.000582695
2021-12-17 06:00:00+00:00,-0.0038175583
2021-12-17 06:30:00+00:00,-0.0028276443
2021-12-17 07:00:00+00:00,-0.0029735565
2021-12-17 07:30:00+00:00,-0.008787155
2021-12-17 08:00:00+00:00,-0.00028800964
2021-12-17 08:30:00+00:00,-0.0014734268
2021-12-17 09:00:00+00:00,0.0041456223
2021-12-17 09:30:00+00:00,0.0013952255
2021-12-17 10:00:00+00:00,0.0005207062
2021-12-17 10:30:00+00:00,-0.0075712204
2021-12-17 11:00:00+00:00,0.0017366409
2021-12-17 11:30:00+00:00,0.0059719086
2021-12-17 12:00:00+00:00,-0.0023880005
2021-12-17 12:30:00+00:00,0.0024604797
2021-12-17 13:00:00+00:00,-0.0040340424
2021-12-17 13:30:00+00:00,0.0028572083
2021-12-17 14:00:00+00:00,-0.0047922134
2021-12-17 14:30:00+00:00,-0.0054092407
2021-12-17 15:00:00+00:00,-0.016119003
2021-12-17 15:30:00+00:00,-0.00077438354
2021-12-17 16:00:00+00:00,0.012786865
2021-12-17 16:30:00+00:00,0.017935753
2021-12-17 17:00:00+00:00,-0.005803108
2021-12-17 17:30:00+00:00,-0.004590988
2021-12-17 18:00:00+00:00,-0.001999855
2021-12-17 18:30:00+00:00,-8.2969666e-05
2021-12-17 19:00:00+00:00,0.004919052
2021-12-17 19:30:00+00:00,-0.0030870438
2021-12-17 20:00:00+00:00,-0.0018815994
2021-12-17 20:30:00+00:00,-0.0076122284
2021-12-17 21:00:00+00:00,-0.0046873093
2021-12-17 21:30:00+00:00,0.006918907
2021-12-17 22:00:00+00:00,0.007475853
2021-12-17 22:30:00+00:00,-0.0116996765
2021-12-17 23:00:00+00:00,0.0049905777
2021-12-17 23:30:00+00:00,-0.004740715
2021-12-18 00:00:00+00:00,-0.0039405823
2021-12-18 00:30:00+00:00,-0.0047836304
2021-12-18 01:00:00+00:00,0.008235931
2021-12-18 01:30:00+00:00,-0.010970116
2021-12-18 02:00:00+00:00,-0.0030164719
2021-12-18 02:30:00+00:00,0.004146576
2021-12-18 03:00:00+00:00,-0.0033845901
2021-12-18 03:30:00+00:00,0.0058317184
2021-12-18 04:00:00+00:00,0.0070171356
2021-12-18 04:30:00+00:00,0.00021076202
2021-12-18 05:00:00+00:00,0.0022192001
2021-12-18 05:30:00+00:00,0.0062093735
2021-12-18 06:00:00+00:00,-0.0018424988
2021-12-18 06:30:00+00:00,-0.0025091171
2021-12-18 07:00:00+00:00,-0.00335598
2021-12-18 07:30:00+00:00,0.002339363
2021-12-18 08:00:00+00:00,-0.0020370483
2021-12-18 08:30:00+00:00,0.0050210953
2021-12-18 09:00:00+00:00,-0.0053606033
2021-12-18 09:30:00+00:00,0.002626419
2021-12-18 10:00:00+00:00,0.008229256
2021-12-18 10:30:00+00:00,-0.00015640259
2021-12-18 11:00:00+00:00,0.010679245
2021-12-18 11:30:00+00:00,-0.004439354
2021-12-18 12:00:00+00:00,-0.0008583069
2021-12-18 12:30:00+00:00,-0.002240181
2021-12-18 13:00:00+00:00,0.0013618469
2021-12-18 13:30:00+00:00,-0.0012521744
2021-12-18 14:00:00+00:00,-0.0071172714
2021-12-18 14:30:00+00:00,0.003695488
2021-12-18 15:00:00+00:00,0.0038385391
2021-12-18 15:30:00+00:00,0.0013189316
2021-12-18 16:00:00+00:00,-0.004169464
2021-12-18 16:30:00+00:00,0.0017261505
2021-12-18 17:00:00+00:00,-0.00303936
2021-12-18 17:30:00+00:00,-0.0016708374
2021-12-18 18:00:00+00:00,-0.0010309219
2021-12-18 18:30:00+00:00,0.000664711
2021-12-18 19:00:00+00:00,0.0006790161
2021-12-18 19:30:00+00:00,-0.0046482086
2021-12-18 20:00:00+00:00,0.0025844574
2021-12-18 20:30:00+00:00,0.00096702576
2021-12-18 21:00:00+00:00,0.00356102
2021-12-18 21:30:00+00:00,-0.00075531006
2021-12-18 22:00:00+00:00,0.002491951
2021-12-18 22:30:00+00:00,-0.0012731552
2021-12-18 23:00:00+00:00,-0.0020208359
2021-12-18 23:30:00+00:00,0.0010995865
2021-12-19 00:00:00+00:00,3.9100647e-05
2021-12-19 00:30:00+00:00,-0.0036087036
2021-12-19 01:00:00+00:00,2.861023e-05
2021-12-19 01:30:00+00:00,-0.0040130615
2021-12-19 02:00:00+00:00,0.0021295547
2021-12-19 02:30:00+00:00,0.003279686
2021-12-19 03:00:00+00:00,0.008690834
2021-12-19 03:30:00+00:00,0.014503479
2021-12-19 04:00:00+00:00,-0.0025978088
2021-12-19 04:30:00+00:00,0.00333786
2021-12-19 05:00:00+00:00,0.000541687
2021-12-19 05:30:00+00:00,-0.00070858
2021-12-19 06:00:00+00:00,-0.0049352646
2021-12-19 06:30:00+00:00,-0.0004119873
2021-12-19 07:00:00+00:00,-0.002339363
2021-12-19 07:30:00+00:00,0.0029993057
2021-12-19 08:00:00+00:00,-0.0022258759
2021-12-19 08:30:00+00:00,-6.67572e-05
2021-12-19 09:00:00+00:00,-0.0008764267
2021-12-19 09:30:00+00:00,-0.007903099
2021-12-19 10:00:00+00:00,8.869171e-05
2021-12-19 10:30:00+00:00,-0.0016546249
2021-12-19 11:00:00+00:00,0.002360344
2021-12-19 11:30:00+00:00,-0.0033330917
2021-12-19 12:00:00+00:00,0.0036382675
2021-12-19 12:30:00+00:00,-0.0017623901
2021-12-19 13:00:00+00:00,0.0037488937
2021-12-19 13:30:00+00:00,-0.0013828278
2021-12-19 14:00:00+00:00,0.00925827
2021-12-19 14:30:00+00:00,-0.007273674
2021-12-19 15:00:00+00:00,0.0023097992
2021-12-19 15:30:00+00:00,-0.0012321472
2021-12-19 16:00:00+00:00,-0.0018119812
2021-12-19 16:30:00+00:00,0.0019655228
2021-12-19 17:00:00+00:00,-0.003378868
2021-12-19 17:30:00+00:00,-0.0015649796
2021-12-19 18:00:00+00:00,0.00088596344
2021-12-19 18:30:00+00:00,-0.0029611588
2021-12-19 19:00:00+00:00,0.0024251938
2021-12-19 19:30:00+00:00,-0.009033203
2021-12-19 20:00:00+00:00,-0.00053596497
2021-12-19 20:30:00+00:00,0.0004720688
2021-12-19 21:00:00+00:00,0.0016145706
2021-12-19 21:30:00+00:00,0.0011634827
2021-12-19 22:00:00+00:00,-0.0019893646
2021-12-19 22:30:00+00:00,0.007437706
2021-12-19 23:00:00+00:00,0.004634857
2021-12-19 23:30:00+00:00,-0.006337166
2021-12-20 00:00:00+00:00,-0.0067281723
2021-12-20 00:30:00+00:00,-0.0036201477
2021-12-20 01:00:00+00:00,0.007853508
2021-12-20 01:30:00+00:00,-0.0014305115
2021-12-20 02:00:00+00:00,-0.0041599274
2021-12-20 02:30:00+00:00,0.0017709732
2021-12-20 03:00:00+00:00,0.0006389618
2021-12-20 03:30:00+00:00,-0.0038814545
2021-12-20 04:00:00+00:00,0.0029973984
2021-12-20 04:30:00+00:00,0.0028123856
2021-12-20 05:00:00+00:00,0.003045082
2021-12-20 05:30:00+00:00,-0.0037317276
2021-12-20 06:00:00+00:00,-0.0073604584
2021-12-20 06:30:00+00:00,-0.0010023117
2021-12-20 07:00:00+00:00,0.0034189224
2021-12-20 07:30:00+00:00,-0.004302025
2021-12-20 08:00:00+00:00,0.0016450882
2021-12-20 08:30:00+00:00,0.0014705658
2021-12-20 09:00:00+00:00,-0.004714012
2021-12-20 09:30:00+00:00,-0.004917145
2021-12-20 10:00:00+00:00,-0.0044555664
2021-12-20 10:30:00+00:00,0.0018596649
